name,p_nom,technology,emission_factor,p_nom_max,p_nom_extendable,min_power,efficiency,marginal_cost,bus,capital_cost
Unit_0,31.1,hard coal,0.3,31.1,FALSE,6.22,0.406816435,1.3,193,1300000
Unit_1,233.764,natural gas,0.2,233.764,FALSE,467.528,0.414665196,5.5,193,
Unit_2,61.7,oil,0.25,61.7,FALSE,12.34,0.3487,5.5,193,
Unit_3,37.6,waste,0,37.6,FALSE,7.52,0.33,0,193,
Unit_4,51.805,hard coal,0.3,51.805,FALSE,10.361,0.394519632,1.3,87,1300000
Unit_5,338.119.692,natural gas,0.2,338.119.692,FALSE,676.239.384,0.450377637,5.5,87,
Unit_6,29.2,oil,0.25,29.2,FALSE,5.84,0.419450427,5.5,87,
Unit_7,162.574,waste,0,162.574,FALSE,325.148,0.33,0,87,
Unit_8,653.698,natural gas,0.2,653.698,FALSE,1.307.396,0.425937521,5.5,58,
Unit_9,34,oil,0.25,34,FALSE,6.8,0.3046,5.5,58,
Unit_10,36,waste,0,36,FALSE,7.2,0.33,0,58,
Unit_11,17,lignite,0.4,17,FALSE,3.4,0.39799937,1.65,58,
Unit_12,88.457,natural gas,0.2,88.457,FALSE,176.914,0.403050514,5.5,58,
Unit_13,167.074,waste,0,167.074,FALSE,334.148,0.33,0,58,
Unit_14,14.82,natural gas,0.2,14.82,FALSE,2.964,0.490636968,5.5,167,
Unit_15,46,waste,0,46,FALSE,9.2,0.33,0,167,
Unit_16,33.932,natural gas,0.2,33.932,FALSE,67.864,0.424061042,5.5,190,
Unit_17,23.875,waste,0,23.875,FALSE,4.775,0.33,0,190,
Unit_18,33.5,lignite,0.4,33.5,FALSE,6.7,0.379586492,1.65,40,
Unit_19,126.023,natural gas,0.2,126.023,FALSE,252.046,0.404960301,5.5,40,
Unit_20,24.81,oil,0.25,24.81,FALSE,4.962,0.456311487,5.5,40,
Unit_21,62.099,waste,0,62.099,FALSE,124.198,0.33,0,40,
Unit_22,66.694,natural gas,0.2,66.694,FALSE,133.388,0.408598519,5.5,5,
Unit_23,18.5,waste,0,18.5,FALSE,3.7,0.33,0,5,
Unit_24,79.4,hard coal,0.3,79.4,FALSE,15.88,0.374986765,1.3,155,1300000
Unit_25,19,lignite,0.4,19,FALSE,3.8,0.335250218,1.65,155,
Unit_26,281.064,natural gas,0.2,281.064,FALSE,562.128,0.442438392,5.5,155,
Unit_27,7.434,oil,0.25,7.434,FALSE,14.868,0.4602,5.5,155,
Unit_28,120.29,waste,0,120.29,FALSE,24.058,0.33,0,155,
Unit_29,22.143,hard coal,0.3,22.143,FALSE,44.286,0.340961945,1.3,11,1300000
Unit_30,7.2,lignite,0.4,7.2,FALSE,1.44,0.356570393,1.65,11,
Unit_31,34.8,lignite,0.4,34.8,FALSE,6.96,0.302244465,1.65,11,
Unit_32,6.232,natural gas,0.2,6.232,FALSE,12.464,0.364489377,5.5,11,
Unit_33,65.899.085,natural gas,0.2,65.899.085,FALSE,13.179.817,0.419252753,5.5,11,
Unit_34,494.672,oil,0.25,494.672,FALSE,989.344,0.383967155,5.5,11,
Unit_35,245.716,waste,0,245.716,FALSE,491.432,0.33,0,11,
Unit_36,86.489,natural gas,0.2,86.489,FALSE,172.978,0.411787185,5.5,79,
Unit_37,11.11,oil,0.25,11.11,FALSE,2.222,0.4469,5.5,79,
Unit_38,32.5,waste,0,32.5,FALSE,6.5,0.33,0,79,
Unit_39,43.81,natural gas,0.2,43.81,FALSE,8.762,0.443261118,5.5,122,
Unit_40,34.86,oil,0.25,34.86,FALSE,6.972,0.3332,5.5,122,
Unit_41,27.6,waste,0,27.6,FALSE,5.52,0.33,0,122,
Unit_42,58.378,natural gas,0.2,58.378,FALSE,116.756,0.482481487,5.5,2,
Unit_43,17.1,oil,0.25,17.1,FALSE,3.42,0.435,5.5,2,
Unit_44,15.7,waste,0,15.7,FALSE,3.14,0.33,0,2,
Unit_45,8.8,lignite,0.4,8.8,FALSE,1.76,0.388792931,1.65,175,
Unit_46,72.3,lignite,0.4,72.3,FALSE,14.46,0.363972262,1.65,175,
Unit_47,166.392,natural gas,0.2,166.392,FALSE,332.784,0.438961106,5.5,175,
Unit_48,69.69,waste,0,69.69,FALSE,13.938,0.33,0,175,
Unit_49,23.65,hard coal,0.3,23.65,FALSE,4.73,0.37987921,1.3,96,1300000
Unit_50,38.577,natural gas,0.2,38.577,FALSE,77.154,0.397015068,5.5,96,
Unit_51,52.446,oil,0.25,52.446,FALSE,104.892,0.388703533,5.5,96,
Unit_52,5.536.201,waste,0,5.536.201,FALSE,11.072.402,0.33,0,96,
Unit_53,78.813,natural gas,0.2,78.813,FALSE,157.626,0.424673541,5.5,128,
Unit_54,12.1,waste,0,12.1,FALSE,2.42,0.33,0,128,
Unit_55,78.302,natural gas,0.2,78.302,FALSE,156.604,0.431877802,5.5,97,
Unit_56,57,natural gas,0.2,57,FALSE,11.4,0.314204763,5.5,166,
Unit_57,81,natural gas,0.2,81,FALSE,16.2,0.319107807,5.5,166,
Unit_58,323,hard coal,0.3,323,FALSE,64.6,0.423280057,1.3,166,1300000
Unit_59,65,natural gas,0.2,65,FALSE,13,0.373041282,5.5,166,
Unit_60,628,lignite,0.4,628,FALSE,125.6,0.345062344,1.65,3,
Unit_61,648,lignite,0.4,648,FALSE,129.6,0.345062344,1.65,3,
Unit_62,944,lignite,0.4,944,FALSE,188.8,0.411809029,1.65,3,
Unit_63,115,natural gas,0.2,115,FALSE,23,0.624707296,5.5,58,
Unit_64,185,natural gas,0.2,185,FALSE,37,0.624707296,5.5,58,
Unit_65,189.5,natural gas,0.2,189.5,FALSE,37.9,0.628913126,5.5,15,
Unit_66,72,natural gas,0.2,72,FALSE,14.4,0.321559328,5.5,58,
Unit_67,72,natural gas,0.2,72,FALSE,14.4,0.321559328,5.5,58,
Unit_68,52,natural gas,0.2,52,FALSE,10.4,0.364489377,5.5,15,
Unit_69,56,natural gas,0.2,56,FALSE,11.2,0.364489377,5.5,15,
Unit_70,56,natural gas,0.2,56,FALSE,11.2,0.365579425,5.5,15,
Unit_71,116,natural gas,0.2,116,FALSE,23.2,0.381930147,5.5,15,
Unit_72,164,natural gas,0.2,164,FALSE,32.8,0.373041282,5.5,15,
Unit_73,164,natural gas,0.2,164,FALSE,32.8,0.373041282,5.5,15,
Unit_74,89,hard coal,0.3,89,FALSE,17.8,0.40791401,1.3,58,1300000
Unit_75,282,hard coal,0.3,282,FALSE,56.4,0.401328561,1.3,58,1300000
Unit_76,282,hard coal,0.3,282,FALSE,56.4,0.40352371,1.3,58,1300000
Unit_77,58.5,natural gas,0.2,58.5,FALSE,11.7,0.624707296,5.5,175,
Unit_78,63.5,natural gas,0.2,63.5,FALSE,12.7,0.628913126,5.5,175,
Unit_79,108,natural gas,0.2,108,FALSE,21.6,0.544796527,5.5,117,
Unit_80,50,natural gas,0.2,50,FALSE,10,0.370589761,5.5,117,
Unit_81,73.5,natural gas,0.2,73.5,FALSE,14.7,0.599472316,5.5,158,
Unit_82,500,lignite,0.4,500,FALSE,100,0.356570393,1.65,31,
Unit_83,500,lignite,0.4,500,FALSE,100,0.358872003,1.65,31,
Unit_84,840,lignite,0.4,840,FALSE,168,0.4049042,1.65,31,
Unit_85,630,lignite,0.4,630,FALSE,126,0.432523517,1.65,31,
Unit_86,56,natural gas,0.2,56,FALSE,11.2,0.378660003,5.5,115,
Unit_87,60,natural gas,0.2,60,FALSE,12,0.519561547,5.5,115,
Unit_88,60,natural gas,0.2,60,FALSE,12,0.519561547,5.5,115,
Unit_89,68.41,natural gas,0.2,68.41,FALSE,13.682,0.436780845,5.5,8,
Unit_90,98.1,natural gas,0.2,98.1,FALSE,19.62,0.641530616,5.5,8,
Unit_91,444.5,natural gas,0.2,444.5,FALSE,88.9,0.603678146,5.5,167,
Unit_92,105.978,natural gas,0.2,105.978,FALSE,211.956,0.4742,5.5,167,
Unit_93,119,hard coal,0.3,119,FALSE,23.8,0.40571886,1.3,167,1300000
Unit_94,86,oil,0.25,86,FALSE,17.2,0.315,5.5,167,
Unit_95,137,natural gas,0.2,137,FALSE,27.4,0.382847369,5.5,196,
Unit_96,72.46,natural gas,0.2,72.46,FALSE,14.492,0.349228703,5.5,196,
Unit_97,53.481,natural gas,0.2,53.481,FALSE,106.962,0.4728,5.5,61,
Unit_98,1052,hard coal,0.3,1052,FALSE,210.4,0.4737685,1.3,98,1300000
Unit_99,194,natural gas,0.2,194,FALSE,38.8,0.385200291,5.5,135,
Unit_100,184,natural gas,0.2,184,FALSE,36.8,0.380395847,5.5,135,
Unit_101,184,natural gas,0.2,184,FALSE,36.8,0.380395847,5.5,135,
Unit_102,58.681,natural gas,0.2,58.681,FALSE,117.362,0.637324786,5.5,43,
Unit_103,74,natural gas,0.2,74,FALSE,14.8,0.379750051,5.5,22,
Unit_104,62,natural gas,0.2,62,FALSE,12.4,0.523767377,5.5,22,
Unit_105,62,natural gas,0.2,62,FALSE,12.4,0.523767377,5.5,22,
Unit_106,62,natural gas,0.2,62,FALSE,12.4,0.523767377,5.5,22,
Unit_107,75.2,natural gas,0.2,75.2,FALSE,15.04,0.390201934,5.5,139,
Unit_108,75.2,natural gas,0.2,75.2,FALSE,15.04,0.390201934,5.5,139,
Unit_109,84,natural gas,0.2,84,FALSE,16.8,0.390650532,5.5,139,
Unit_110,725,hard coal,0.3,725,FALSE,145,0.458402452,1.3,156,1300000
Unit_111,86.2,oil,0.25,86.2,FALSE,17.24,0.3072,5.5,135,
Unit_112,100,natural gas,0.2,100,FALSE,20,0.544796527,5.5,135,
Unit_113,66.7,natural gas,0.2,66.7,FALSE,13.34,0.316656285,5.5,135,
Unit_114,64.7,natural gas,0.2,64.7,FALSE,12.94,0.319107807,5.5,135,
Unit_115,595,natural gas,0.2,595,FALSE,119,0.612089806,5.5,135,
Unit_116,61.6,natural gas,0.2,61.6,FALSE,12.32,0.35132835,5.5,61,
Unit_117,321,natural gas,0.2,321,FALSE,64.2,0.326462372,5.5,6,
Unit_118,75.185,natural gas,0.2,75.185,FALSE,15.037,0.616295636,5.5,145,
Unit_119,433,natural gas,0.2,433,FALSE,86.6,0.431239119,5.5,163,
Unit_120,112.719,natural gas,0.2,112.719,FALSE,225.438,0.35974001,5.5,0,
Unit_121,321,lignite,0.4,321,FALSE,64.2,0.328951076,1.65,88,
Unit_122,663,lignite,0.4,663,FALSE,132.6,0.345062344,1.65,88,
Unit_123,200,natural gas,0.2,200,FALSE,40,0.39174058,5.5,88,
Unit_124,656,lignite,0.4,656,FALSE,131.2,0.347363954,1.65,88,
Unit_125,200,natural gas,0.2,200,FALSE,40,0.39174058,5.5,88,
Unit_126,50.1,natural gas,0.2,50.1,FALSE,10.02,0.419620193,5.5,107,
Unit_127,60,natural gas,0.2,60,FALSE,12,0.434329323,5.5,107,
Unit_128,71,waste,0,71,FALSE,14.2,0.33,0,54,
Unit_129,92,natural gas,0.2,92,FALSE,18.4,0.434329323,5.5,54,
Unit_130,92,natural gas,0.2,92,FALSE,18.4,0.434329323,5.5,54,
Unit_131,53.6,natural gas,0.2,53.6,FALSE,10.72,0.557414017,5.5,54,
Unit_132,70,natural gas,0.2,70,FALSE,14,0.565825677,5.5,54,
Unit_133,61.5,hard coal,0.3,61.5,FALSE,12.3,0.40791401,1.3,100,1300000
Unit_134,61.5,hard coal,0.3,61.5,FALSE,12.3,0.40791401,1.3,100,1300000
Unit_135,110.755,natural gas,0.2,110.755,FALSE,22.151,0.365686718,5.5,100,
Unit_136,56,lignite,0.4,56,FALSE,11.2,0.317443027,1.65,135,
Unit_137,52.93,natural gas,0.2,52.93,FALSE,10.586,0.645736446,5.5,125,
Unit_138,52.93,natural gas,0.2,52.93,FALSE,10.586,0.645736446,5.5,125,
Unit_139,1060,lignite,0.4,1060,FALSE,212,0.432523517,1.65,3,
Unit_140,1060,lignite,0.4,1060,FALSE,212,0.432523517,1.65,3,
Unit_141,126,natural gas,0.2,126,FALSE,25.2,0.333816936,5.5,157,
Unit_142,121,natural gas,0.2,121,FALSE,24.2,0.333816936,5.5,157,
Unit_143,56.845,natural gas,0.2,56.845,FALSE,11.369,0.628913126,5.5,119,
Unit_144,57.144,natural gas,0.2,57.144,FALSE,114.288,0.628913126,5.5,119,
Unit_145,57.322,natural gas,0.2,57.322,FALSE,114.644,0.42942628,5.5,119,
Unit_146,54.832.533,natural gas,0.2,54.832.533,FALSE,109.665.066,0.519561547,5.5,119,
Unit_147,127,natural gas,0.2,127,FALSE,25.4,0.582648997,5.5,23,
Unit_148,154,hard coal,0.3,154,FALSE,30.8,0.414499459,1.3,23,1300000
Unit_149,407,natural gas,0.2,407,FALSE,81.4,0.574237337,5.5,174,
Unit_150,445,natural gas,0.2,445,FALSE,89,0.574237337,5.5,174,
Unit_151,136,hard coal,0.3,136,FALSE,27.2,0.40571886,1.3,78,1300000
Unit_152,136,hard coal,0.3,136,FALSE,27.2,0.40571886,1.3,78,1300000
Unit_153,78,natural gas,0.2,78,FALSE,15.6,0.370589761,5.5,78,
Unit_154,82,natural gas,0.2,82,FALSE,16.4,0.591060656,5.5,78,
Unit_155,70,natural gas,0.2,70,FALSE,14,0.582648997,5.5,78,
Unit_156,778,hard coal,0.3,778,FALSE,155.6,0.396938261,1.3,161,1300000
Unit_157,417,natural gas,0.2,417,FALSE,83.4,0.574237337,5.5,157,
Unit_158,52.7,natural gas,0.2,52.7,FALSE,10.54,0.402459542,5.5,164,
Unit_159,657,natural gas,0.2,657,FALSE,131.4,0.637324786,5.5,98,
Unit_160,460,hard coal,0.3,460,FALSE,92,0.40571886,1.3,98,1300000
Unit_161,280,natural gas,0.2,280,FALSE,56,0.574237337,5.5,42,
Unit_162,308,natural gas,0.2,308,FALSE,61.6,0.574237337,5.5,42,
Unit_163,308,natural gas,0.2,308,FALSE,61.6,0.574237337,5.5,42,
Unit_164,98,lignite,0.4,98,FALSE,19.6,0.386491321,1.65,42,
Unit_165,63,lignite,0.4,63,FALSE,12.6,0.386491321,1.65,42,
Unit_166,430,natural gas,0.2,430,FALSE,86,0.412265628,5.5,42,
Unit_167,59.8,natural gas,0.2,59.8,FALSE,11.96,0.276195478,5.5,148,
Unit_168,517,hard coal,0.3,517,FALSE,103.4,0.396938261,1.3,187,1300000
Unit_169,834,hard coal,0.3,834,FALSE,166.8,0.460597602,1.3,187,1300000
Unit_170,83,natural gas,0.2,83,FALSE,16.6,0.333816936,5.5,1,
Unit_171,75.3,lignite,0.4,75.3,FALSE,15.06,0.427920298,1.65,93,
Unit_172,147,natural gas,0.2,147,FALSE,29.4,0.390650532,5.5,93,
Unit_173,266,natural gas,0.2,266,FALSE,53.2,0.392653455,5.5,93,
Unit_174,108.2,natural gas,0.2,108.2,FALSE,21.64,0.561619847,5.5,93,
Unit_175,452.9,natural gas,0.2,452.9,FALSE,90.58,0.612089806,5.5,93,
Unit_176,92,oil,0.25,92,FALSE,18.4,0.38,5.5,42,
Unit_177,431,natural gas,0.2,431,FALSE,86.2,0.431239119,5.5,25,
Unit_178,63.54,natural gas,0.2,63.54,FALSE,12.708,0.527973207,5.5,34,
Unit_179,64.603,natural gas,0.2,64.603,FALSE,129.206,0.586854826,5.5,34,
Unit_180,67.5,natural gas,0.2,67.5,FALSE,13.5,0.434329323,5.5,34,
Unit_181,67.5,natural gas,0.2,67.5,FALSE,13.5,0.434329323,5.5,34,
Unit_182,55.4,natural gas,0.2,55.4,FALSE,11.08,0.434329323,5.5,119,
Unit_183,359,natural gas,0.2,359,FALSE,71.8,0.35685904,5.5,19,
Unit_184,58,natural gas,0.2,58,FALSE,11.6,0.591060656,5.5,19,
Unit_185,58,natural gas,0.2,58,FALSE,11.6,0.591060656,5.5,19,
Unit_186,359,natural gas,0.2,359,FALSE,71.8,0.439650779,5.5,19,
Unit_187,58,natural gas,0.2,58,FALSE,11.6,0.407362585,5.5,19,
Unit_188,58,natural gas,0.2,58,FALSE,11.6,0.407362585,5.5,19,
Unit_189,340,natural gas,0.2,340,FALSE,68,0.396100773,5.5,19,
Unit_190,293.5,natural gas,0.2,293.5,FALSE,58.7,0.586854826,5.5,19,
Unit_191,293.5,natural gas,0.2,293.5,FALSE,58.7,0.586854826,5.5,19,
Unit_192,89.5,natural gas,0.2,89.5,FALSE,17.9,0.565825677,5.5,38,
Unit_193,204,natural gas,0.2,204,FALSE,40.8,0.565825677,5.5,38,
Unit_194,204,natural gas,0.2,204,FALSE,40.8,0.565825677,5.5,38,
Unit_195,71.5,natural gas,0.2,71.5,FALSE,14.3,0.532179037,5.5,38,
Unit_196,173,natural gas,0.2,173,FALSE,34.6,0.532179037,5.5,38,
Unit_197,165.5,natural gas,0.2,165.5,FALSE,33.1,0.532179037,5.5,38,
Unit_198,746,hard coal,0.3,746,FALSE,149.2,0.458402452,1.3,11,1300000
Unit_199,90,natural gas,0.2,90,FALSE,18,0.32401085,5.5,54,
Unit_200,139.7,natural gas,0.2,139.7,FALSE,27.94,0.386290339,5.5,54,
Unit_201,291.3,natural gas,0.2,291.3,FALSE,58.26,0.382847369,5.5,54,
Unit_202,255,hard coal,0.3,255,FALSE,51,0.440841255,1.3,38,1300000
Unit_203,435,hard coal,0.3,435,FALSE,87,0.414499459,1.3,38,1300000
Unit_204,843,hard coal,0.3,843,FALSE,168.6,0.462792751,1.3,38,1300000
Unit_205,61.127,natural gas,0.2,61.127,FALSE,122.254,0.431239119,5.5,125,
Unit_206,77.567,natural gas,0.2,77.567,FALSE,155.134,0.435444949,5.5,125,
Unit_207,53.5,natural gas,0.2,53.5,FALSE,10.7,0.637324786,5.5,125,
Unit_208,53.5,natural gas,0.2,53.5,FALSE,10.7,0.637324786,5.5,125,
Unit_209,53.5,natural gas,0.2,53.5,FALSE,10.7,0.637324786,5.5,125,
Unit_210,52.451,natural gas,0.2,52.451,FALSE,104.902,0.431877802,5.5,28,
Unit_211,52.768,natural gas,0.2,52.768,FALSE,105.536,0.431877802,5.5,28,
Unit_212,97.9,natural gas,0.2,97.9,FALSE,19.58,0.460679928,5.5,28,
Unit_213,97.9,natural gas,0.2,97.9,FALSE,19.58,0.460679928,5.5,28,
Unit_214,127.6,natural gas,0.2,127.6,FALSE,25.52,0.561619847,5.5,28,
Unit_215,146.3,natural gas,0.2,146.3,FALSE,29.26,0.633118956,5.5,28,
Unit_216,146.3,natural gas,0.2,146.3,FALSE,29.26,0.633118956,5.5,28,
Unit_217,891,lignite,0.4,891,FALSE,178.2,0.40260259,1.65,34,
Unit_218,891,lignite,0.4,891,FALSE,178.2,0.4049042,1.65,34,
Unit_219,53,natural gas,0.2,53,FALSE,10.6,0.565825677,5.5,84,
Unit_220,53,natural gas,0.2,53,FALSE,10.6,0.565825677,5.5,84,
Unit_221,383,natural gas,0.2,383,FALSE,76.6,0.355768992,5.5,84,
Unit_222,387,natural gas,0.2,387,FALSE,77.4,0.357949088,5.5,84,
Unit_223,53,natural gas,0.2,53,FALSE,10.6,0.439650779,5.5,84,
Unit_224,54,hard coal,0.3,54,FALSE,10.8,0.40352371,1.3,100,1300000
Unit_225,87,oil,0.25,87,FALSE,17.4,0.3072,5.5,71,
Unit_226,90,oil,0.25,90,FALSE,18,0.3904,5.5,96,
Unit_227,78.157,natural gas,0.2,78.157,FALSE,156.314,0.586854826,5.5,95,
Unit_228,54,natural gas,0.2,54,FALSE,10.8,0.370589761,5.5,77,
Unit_229,514,hard coal,0.3,514,FALSE,102.8,0.416694608,1.3,132,1300000
Unit_230,112.5,natural gas,0.2,112.5,FALSE,22.5,0.540590697,5.5,54,
Unit_231,52.496,natural gas,0.2,52.496,FALSE,104.992,0.4728,5.5,122,
Unit_232,53,natural gas,0.2,53,FALSE,10.6,0.372119714,5.5,122,
Unit_233,450,lignite,0.4,450,FALSE,90,0.393396151,1.65,119,
Unit_234,110,lignite,0.4,110,FALSE,22,0.39569776,1.65,119,
Unit_235,450,lignite,0.4,450,FALSE,90,0.39569776,1.65,119,
Unit_236,51.431,natural gas,0.2,51.431,FALSE,102.862,0.519561547,5.5,83,
Unit_237,106,oil,0.25,106,FALSE,21.2,0.3828,5.5,103,
Unit_238,106,oil,0.25,106,FALSE,21.2,0.3828,5.5,103,
Unit_239,59,oil,0.25,59,FALSE,11.8,0.3971,5.5,103,
Unit_240,755,lignite,0.4,755,FALSE,151,0.39799937,1.65,31,
Unit_241,755,lignite,0.4,755,FALSE,151,0.40030098,1.65,31,
Unit_242,100,natural gas,0.2,100,FALSE,20,0.532179037,5.5,175,
Unit_243,500,lignite,0.4,500,FALSE,100,0.361173613,1.65,61,
Unit_244,500,lignite,0.4,500,FALSE,100,0.363475223,1.65,61,
Unit_245,500,lignite,0.4,500,FALSE,100,0.368078443,1.65,61,
Unit_246,500,lignite,0.4,500,FALSE,100,0.370380052,1.65,61,
Unit_247,136,oil,0.25,136,FALSE,27.2,0.3306,5.5,161,
Unit_248,51,oil,0.25,51,FALSE,10.2,0.3072,5.5,23,
Unit_249,137,hard coal,0.3,137,FALSE,27.4,0.414499459,1.3,23,1300000
Unit_250,116,hard coal,0.3,116,FALSE,23.2,0.414499459,1.3,23,1300000
Unit_251,98,oil,0.25,98,FALSE,19.6,0.315,5.5,140,
Unit_252,98,oil,0.25,98,FALSE,19.6,0.3575,5.5,140,
Unit_253,55,natural gas,0.2,55,FALSE,11,0.431239119,5.5,75,
Unit_254,55,natural gas,0.2,55,FALSE,11,0.431239119,5.5,75,
Unit_255,355,natural gas,0.2,355,FALSE,71,0.355768992,5.5,75,
Unit_256,55,natural gas,0.2,55,FALSE,11,0.435444949,5.5,75,
Unit_257,112,natural gas,0.2,112,FALSE,22.4,0.341171501,5.5,75,
Unit_258,51.9,natural gas,0.2,51.9,FALSE,10.38,0.370589761,5.5,42,
Unit_259,90,oil,0.25,90,FALSE,18,0.3432,5.5,42,
Unit_260,726,hard coal,0.3,726,FALSE,145.2,0.462792751,1.3,53,1300000
Unit_261,90.51,natural gas,0.2,90.51,FALSE,18.102,0.641530616,5.5,74,
Unit_262,99.99,natural gas,0.2,99.99,FALSE,19.998,0.641530616,5.5,74,
Unit_263,61,hard coal,0.3,61,FALSE,12.2,0.425475207,1.3,74,1300000
Unit_264,61,hard coal,0.3,61,FALSE,12.2,0.425475207,1.3,74,1300000
Unit_265,138.5,hard coal,0.3,138.5,FALSE,27.7,0.396938261,1.3,74,1300000
Unit_266,138.5,hard coal,0.3,138.5,FALSE,27.7,0.396938261,1.3,74,1300000
Unit_267,90.784,natural gas,0.2,90.784,FALSE,181.568,0.574237337,5.5,187,
Unit_268,51,natural gas,0.2,51,FALSE,10.2,0.392653455,5.5,51,
Unit_269,472,hard coal,0.3,472,FALSE,94.4,0.396938261,1.3,46,1300000
Unit_270,58.172,lignite,0.4,58.172,FALSE,116.344,0.377284882,1.65,101,
Unit_271,79.7,natural gas,0.2,79.7,FALSE,15.94,0.460679928,5.5,28,
Unit_272,56,oil,0.25,56,FALSE,11.2,0.3176,5.5,53,
Unit_273,350,hard coal,0.3,350,FALSE,70,0.361815866,1.3,6,1300000
Unit_274,92.332,lignite,0.4,92.332,FALSE,184.664,0.381888101,1.65,101,
Unit_275,607,lignite,0.4,607,FALSE,121.4,0.347363954,1.65,3,
Unit_276,604,lignite,0.4,604,FALSE,120.8,0.349665564,1.65,3,
Unit_277,68.4,hard coal,0.3,68.4,FALSE,13.68,0.392547962,1.3,125,1300000
Unit_278,55.56,hard coal,0.3,55.56,FALSE,11.112,0.366206166,1.3,125,1300000
Unit_279,52,natural gas,0.2,52,FALSE,10.4,0.431239119,5.5,163,
Unit_280,56,natural gas,0.2,56,FALSE,11.2,0.427033289,5.5,25,
Unit_281,355,natural gas,0.2,355,FALSE,71,0.354678944,5.5,75,
Unit_282,355,natural gas,0.2,355,FALSE,71,0.355768992,5.5,75,
Unit_283,295,lignite,0.4,295,FALSE,59,0.335855905,1.65,3,
Unit_284,299,lignite,0.4,299,FALSE,59.8,0.338157515,1.65,3,
Unit_285,292,lignite,0.4,292,FALSE,58.4,0.342760735,1.65,3,
Unit_286,500,lignite,0.4,500,FALSE,100,0.374983272,1.65,61,
Unit_287,500,lignite,0.4,500,FALSE,100,0.379586492,1.65,61,
Unit_288,433,hard coal,0.3,433,FALSE,86.6,0.396938261,1.3,166,1300000
Unit_289,720,hard coal,0.3,720,FALSE,144,0.388157663,1.3,75,1300000
Unit_290,726,hard coal,0.3,726,FALSE,145.2,0.392547962,1.3,122,1300000
Unit_291,345,hard coal,0.3,345,FALSE,69,0.359620717,1.3,125,1300000
Unit_292,345,hard coal,0.3,345,FALSE,69,0.361815866,1.3,125,1300000
Unit_293,580,natural gas,0.2,580,FALSE,116,0.360129184,5.5,0,
Unit_294,522,hard coal,0.3,522,FALSE,104.4,0.412304309,1.3,0,1300000
Unit_295,386,oil,0.25,386,FALSE,77.2,0.3553,5.5,87,
Unit_296,386,oil,0.25,386,FALSE,77.2,0.3564,5.5,87,
Unit_297,125,hard coal,0.3,125,FALSE,25,0.353035268,1.3,161,1300000
Unit_298,125,hard coal,0.3,125,FALSE,25,0.355230417,1.3,161,1300000
Unit_299,114,natural gas,0.2,114,FALSE,22.8,0.383020195,5.5,187,
Unit_300,239,natural gas,0.2,239,FALSE,47.8,0.375492804,5.5,187,
Unit_301,250,natural gas,0.2,250,FALSE,50,0.360129184,5.5,54,
Unit_302,425,hard coal,0.3,425,FALSE,85,0.390352812,1.3,38,1300000
Unit_303,85,oil,0.25,85,FALSE,17,0.315,5.5,17,
Unit_304,875,hard coal,0.3,875,FALSE,175,0.401328561,1.3,199,1300000
Unit_305,655.6,hard coal,0.3,655.6,FALSE,131.12,0.377181914,1.3,122,1300000
Unit_306,282,natural gas,0.2,282,FALSE,56.4,0.404911064,5.5,87,
Unit_307,282,natural gas,0.2,282,FALSE,56.4,0.404911064,5.5,87,
Unit_308,282,natural gas,0.2,282,FALSE,56.4,0.404911064,5.5,87,
Unit_309,576,natural gas,0.2,576,FALSE,115.2,0.407362585,5.5,87,
Unit_310,211,hard coal,0.3,211,FALSE,42.2,0.40571886,1.3,16,1300000
Unit_311,179,hard coal,0.3,179,FALSE,35.8,0.390352812,1.3,16,1300000
Unit_312,96,hard coal,0.3,96,FALSE,19.2,0.350840118,1.3,161,1300000
Unit_313,148,hard coal,0.3,148,FALSE,29.6,0.357425567,1.3,161,1300000
Unit_314,77.4,oil,0.25,77.4,FALSE,15.48,0.3046,5.5,17,
Unit_315,263.5,oil,0.25,263.5,FALSE,52.7,0.3575,5.5,17,
Unit_316,415,oil,0.25,415,FALSE,83,0.3564,5.5,87,
Unit_317,52.28,natural gas,0.2,52.28,FALSE,10.456,0.381733322,5.5,187,
Unit_318,71.955,natural gas,0.2,71.955,FALSE,14.391,0.399762807,5.5,85,
Unit_319,130.574,natural gas,0.2,130.574,FALSE,261.148,0.478000698,5.5,30,
Unit_320,54,waste,0,54,FALSE,10.8,0.33,0,175,
Unit_321,72,natural gas,0.2,72,FALSE,14.4,0.340263607,5.5,1,
Unit_322,55.4,natural gas,0.2,55.4,FALSE,11.08,0.374899525,5.5,8,
Unit_323,65.1,waste,0,65.1,FALSE,13.02,0.33,0,167,
Unit_324,112.6,natural gas,0.2,112.6,FALSE,22.52,0.374650252,5.5,196,
Unit_325,151.402,natural gas,0.2,151.402,FALSE,302.804,0.47361137,5.5,101,
Unit_326,209.603,natural gas,0.2,209.603,FALSE,419.206,0.449561253,5.5,22,
Unit_327,52.154,natural gas,0.2,52.154,FALSE,104.308,0.443413457,5.5,139,
Unit_328,81.296,natural gas,0.2,81.296,FALSE,162.592,0.36709321,5.5,135,
Unit_329,10.423.769,natural gas,0.2,10.423.769,FALSE,20.847.538,0.48053449,5.5,34,
Unit_330,123.5,natural gas,0.2,123.5,FALSE,24.7,0.503195978,5.5,128,
Unit_331,129.624,natural gas,0.2,129.624,FALSE,259.248,0.406820465,5.5,84,
Unit_332,93.4,natural gas,0.2,93.4,FALSE,18.68,0.393551881,5.5,107,
Unit_333,65.8,hard coal,0.3,65.8,FALSE,13.16,0.400230986,1.3,107,1300000
Unit_334,194.013,natural gas,0.2,194.013,FALSE,388.026,0.394772316,5.5,54,
Unit_335,91.382,waste,0,91.382,FALSE,182.764,0.33,0,100,
Unit_336,50.5,natural gas,0.2,50.5,FALSE,10.1,0.4728,5.5,61,
Unit_337,85.256,natural gas,0.2,85.256,FALSE,170.512,0.458676462,5.5,69,
Unit_338,54.106,natural gas,0.2,54.106,FALSE,108.212,0.412825794,5.5,33,
Unit_339,229.375,oil,0.25,229.375,FALSE,45.875,0.371376567,5.5,119,
Unit_340,161.558.467,natural gas,0.2,161.558.467,FALSE,323.116.934,0.368993811,5.5,119,
Unit_341,210.335,natural gas,0.2,210.335,FALSE,42.067,0.380934524,5.5,164,
Unit_342,65.52,waste,0,65.52,FALSE,13.104,0.33,0,125,
Unit_343,198.885,natural gas,0.2,198.885,FALSE,39.777,0.432699986,5.5,54,
Unit_344,241.875,natural gas,0.2,241.875,FALSE,48.375,0.399026226,5.5,14,
Unit_345,95,oil,0.25,95,FALSE,19,0.3795,5.5,187,
Unit_346,80.195,natural gas,0.2,80.195,FALSE,16.039,0.373172226,5.5,87,
Unit_347,189.12,natural gas,0.2,189.12,FALSE,37.824,0.4672,5.5,10,
Unit_348,64,waste,0,64,FALSE,12.8,0.33,0,93,
Unit_349,54.222,hard coal,0.3,54.222,FALSE,108.444,0.370649702,1.3,139,1300000
Unit_350,74.5,natural gas,0.2,74.5,FALSE,14.9,0.351113242,5.5,139,
Unit_351,75.53,hard coal,0.3,75.53,FALSE,15.106,0.368967207,1.3,93,1300000
Unit_352,52.47,natural gas,0.2,52.47,FALSE,10.494,0.344168294,5.5,93,
Unit_353,66.1,natural gas,0.2,66.1,FALSE,13.22,0.373846298,5.5,19,
Unit_354,8.804.091,waste,0,8.804.091,FALSE,17.608.182,0.33,0,38,
Unit_355,6.687.947,natural gas,0.2,6.687.947,FALSE,13.375.894,0.367666187,5.5,38,
Unit_356,62.8,waste,0,62.8,FALSE,12.56,0.33,0,27,
Unit_357,204.15,natural gas,0.2,204.15,FALSE,40.83,0.446268228,5.5,125,
Unit_358,62.7,natural gas,0.2,62.7,FALSE,12.54,0.405910009,5.5,195,
Unit_359,59.64,oil,0.25,59.64,FALSE,11.928,0.348476056,5.5,46,
Unit_360,100.9,natural gas,0.2,100.9,FALSE,20.18,0.394226293,5.5,116,
Unit_361,73.345,natural gas,0.2,73.345,FALSE,14.669,0.477977178,5.5,41,
Unit_362,61.5,waste,0,61.5,FALSE,12.3,0.33,0,29,
Unit_363,52.899,natural gas,0.2,52.899,FALSE,105.798,0.471198968,5.5,21,
Unit_364,81.8,natural gas,0.2,81.8,FALSE,16.36,0.527973207,5.5,58,
Unit_365,83.14,hard coal,0.3,83.14,FALSE,16.628,0.405541431,1.3,77,1300000
Unit_366,108,natural gas,0.2,108,FALSE,21.6,0.527973207,5.5,132,
Unit_367,1.126.102,natural gas,0.2,1.126.102,FALSE,2.252.204,0.525004601,5.5,122,
Unit_368,83.098,natural gas,0.2,83.098,FALSE,166.196,0.404707708,5.5,47,
Unit_369,50,waste,0,50,FALSE,10,0.33,0,12,
Unit_370,78.049,natural gas,0.2,78.049,FALSE,156.098,0.45226283,5.5,83,
Unit_371,62.5,oil,0.25,62.5,FALSE,12.5,0.3675584,5.5,103,
Unit_372,92.907,natural gas,0.2,92.907,FALSE,185.814,0.601195716,5.5,194,
Unit_373,134.702,natural gas,0.2,134.702,FALSE,269.404,0.376736341,5.5,17,
Unit_374,192.645,natural gas,0.2,192.645,FALSE,38.529,0.40884778,5.5,39,
Unit_375,109.5,hard coal,0.3,109.5,FALSE,21.9,0.402711806,1.3,17,1300000
Unit_376,61.054,natural gas,0.2,61.054,FALSE,122.108,0.452023829,5.5,180,
Unit_377,61,oil,0.25,61,FALSE,12.2,0.36972623,5.5,42,
Unit_378,98.8,natural gas,0.2,98.8,FALSE,19.76,0.633118956,5.5,74,
Unit_379,98.019,natural gas,0.2,98.019,FALSE,196.038,0.388281644,5.5,49,
Unit_380,98,natural gas,0.2,98,FALSE,19.6,0.385789855,5.5,51,
Unit_381,75.643,natural gas,0.2,75.643,FALSE,151.286,0.400649121,5.5,27,
Unit_382,92.8,oil,0.25,92.8,FALSE,18.56,0.3332,5.5,130,
Unit_383,58.8,oil,0.25,58.8,FALSE,11.76,0.4008,5.5,49,
Unit_384,133.864,hard coal,0.3,133.864,FALSE,267.728,0.326467109,1.3,125,1300000
Unit_385,148.416,natural gas,0.2,148.416,FALSE,296.832,0.357719272,5.5,15,
Unit_386,93,natural gas,0.2,93,FALSE,18.6,0.407362585,5.5,150,
Unit_387,64,natural gas,0.2,64,FALSE,12.8,0.351953823,5.5,47,
Unit_388,186.756,natural gas,0.2,186.756,FALSE,373.512,0.349532635,5.5,58,
Unit_389,2.809.626.261,biomass,0,2.809.626.261,FALSE,0,1,0,63,
Unit_390,269.158.504,hydro,0,269.158.504,FALSE,0,1,0,63,
Unit_391,3.812.374.431,biomass,0,3.812.374.431,FALSE,0,1,0,63,
Unit_392,3.457.373.445,biomass,0,3.457.373.445,FALSE,0,1,0,86,
Unit_393,1.794.013.452,biomass,0,1.794.013.452,FALSE,0,1,0,58,
Unit_394,6.784.397.629,biomass,0,6.784.397.629,FALSE,0,1,0,15,
Unit_395,2.291.307.697,biomass,0,2.291.307.697,FALSE,0,1,0,111,
Unit_396,8.287.414.367,hydro,0,8.287.414.367,FALSE,0,1,0,111,
Unit_397,7.190.565.577,biomass,0,7.190.565.577,FALSE,0,1,0,165,
Unit_398,1.146.439.326,hydro,0,1.146.439.326,FALSE,0,1,0,165,
Unit_399,1.078.454.321,biomass,0,1.078.454.321,FALSE,0,1,0,74,
Unit_400,6.368.892.133,biomass,0,6.368.892.133,FALSE,0,1,0,104,
Unit_401,3.794.288.353,biomass,0,3.794.288.353,FALSE,0,1,0,111,
Unit_402,2.567.229.802,hydro,0,2.567.229.802,FALSE,0,1,0,111,
Unit_403,1.475.355.712,biomass,0,1.475.355.712,FALSE,0,1,0,23,
Unit_404,5.042.252.594,biomass,0,5.042.252.594,FALSE,0,1,0,71,
Unit_405,3.648.276.408,biomass,0,3.648.276.408,FALSE,0,1,0,23,
Unit_406,9.071.439.532,biomass,0,9.071.439.532,FALSE,0,1,0,96,
Unit_407,1.394.245.761,biomass,0,1.394.245.761,FALSE,0,1,0,23,
Unit_408,4.111.108.517,biomass,0,4.111.108.517,FALSE,0,1,0,63,
Unit_409,2.692.857.274,biomass,0,2.692.857.274,FALSE,0,1,0,39,
Unit_410,8.325.943.428,biomass,0,8.325.943.428,FALSE,0,1,0,164,
Unit_411,5.039.828.496,hydro,0,5.039.828.496,FALSE,0,1,0,164,
Unit_412,1.244.306.592,biomass,0,1.244.306.592,FALSE,0,1,0,128,
Unit_413,2.025.700.775,hydro,0,2.025.700.775,FALSE,0,1,0,128,
Unit_414,2.362.585.029,biomass,0,2.362.585.029,FALSE,0,1,0,108,
Unit_415,1.116.403.149,hydro,0,1.116.403.149,FALSE,0,1,0,108,
Unit_416,2.315.979.321,biomass,0,2.315.979.321,FALSE,0,1,0,53,
Unit_417,1.906.841.139,biomass,0,1.906.841.139,FALSE,0,1,0,53,
Unit_418,185.527.087,biomass,0,185.527.087,FALSE,0,1,0,27,
Unit_419,1.965.485.814,biomass,0,1.965.485.814,FALSE,0,1,0,133,
Unit_420,7.869.362.607,biomass,0,7.869.362.607,FALSE,0,1,0,184,
Unit_421,4.744.576.195,biomass,0,4.744.576.195,FALSE,0,1,0,137,
Unit_422,5.273.548.687,biomass,0,5.273.548.687,FALSE,0,1,0,5,
Unit_423,3.664.380.847,biomass,0,3.664.380.847,FALSE,0,1,0,115,
Unit_424,6.884.174.892,biomass,0,6.884.174.892,FALSE,0,1,0,58,
Unit_425,1.809.406.527,biomass,0,1.809.406.527,FALSE,0,1,0,153,
Unit_426,2.487.645.223,biomass,0,2.487.645.223,FALSE,0,1,0,153,
Unit_427,122.025.681,hydro,0,122.025.681,FALSE,0,1,0,153,
Unit_428,4.100.945.591,biomass,0,4.100.945.591,FALSE,0,1,0,138,
Unit_429,5.082.011.492,hydro,0,5.082.011.492,FALSE,0,1,0,138,
Unit_430,7.029.935.483,biomass,0,7.029.935.483,FALSE,0,1,0,69,
Unit_431,3.938.049.428,hydro,0,3.938.049.428,FALSE,0,1,0,69,
Unit_432,1.721.628.422,biomass,0,1.721.628.422,FALSE,0,1,0,21,
Unit_433,5.843.512.812,hydro,0,5.843.512.812,FALSE,0,1,0,21,
Unit_434,7.520.885.091,biomass,0,7.520.885.091,FALSE,0,1,0,6,
Unit_435,1.736.494.048,biomass,0,1.736.494.048,FALSE,0,1,0,171,
Unit_436,1.530.432.983,biomass,0,1.530.432.983,FALSE,0,1,0,167,
Unit_437,122.415.851,hydro,0,122.415.851,FALSE,0,1,0,167,
Unit_438,7.094.991.306,biomass,0,7.094.991.306,FALSE,0,1,0,162,
Unit_439,133.144.126,hydro,0,133.144.126,FALSE,0,1,0,162,
Unit_440,9.398.413.166,biomass,0,9.398.413.166,FALSE,0,1,0,192,
Unit_441,1.034.216.551,biomass,0,1.034.216.551,FALSE,0,1,0,150,
Unit_442,4.350.451.447,biomass,0,4.350.451.447,FALSE,0,1,0,54,
Unit_443,1.303.065.104,hydro,0,1.303.065.104,FALSE,0,1,0,54,
Unit_444,5.811.503.192,biomass,0,5.811.503.192,FALSE,0,1,0,117,
Unit_445,8.697.308.301,hydro,0,8.697.308.301,FALSE,0,1,0,117,
Unit_446,4.159.746.915,biomass,0,4.159.746.915,FALSE,0,1,0,119,
Unit_447,1.215.170.665,hydro,0,1.215.170.665,FALSE,0,1,0,119,
Unit_448,4.943.081.236,biomass,0,4.943.081.236,FALSE,0,1,0,83,
Unit_449,3.443.825.761,biomass,0,3.443.825.761,FALSE,0,1,0,126,
Unit_450,294.265.812,biomass,0,294.265.812,FALSE,0,1,0,181,
Unit_451,3.324.167.598,hydro,0,3.324.167.598,FALSE,0,1,0,181,
Unit_452,9.564.199.891,biomass,0,9.564.199.891,FALSE,0,1,0,45,
Unit_453,1.110.055.964,hydro,0,1.110.055.964,FALSE,0,1,0,45,
Unit_454,6.443.846.877,biomass,0,6.443.846.877,FALSE,0,1,0,61,
Unit_455,1.053.134.817,hydro,0,1.053.134.817,FALSE,0,1,0,61,
Unit_456,2.931.992.084,biomass,0,2.931.992.084,FALSE,0,1,0,10,
Unit_457,3.024.828.902,hydro,0,3.024.828.902,FALSE,0,1,0,10,
Unit_458,1.713.776.003,biomass,0,1.713.776.003,FALSE,0,1,0,110,
Unit_459,2.626.504.698,biomass,0,2.626.504.698,FALSE,0,1,0,116,
Unit_460,1.854.141.438,biomass,0,1.854.141.438,FALSE,0,1,0,198,
Unit_461,9.521.105.427,biomass,0,9.521.105.427,FALSE,0,1,0,59,
Unit_462,440.847.044,biomass,0,440.847.044,FALSE,0,1,0,122,
Unit_463,3.687.427.128,hydro,0,3.687.427.128,FALSE,0,1,0,122,
Unit_464,3.480.274.774,biomass,0,3.480.274.774,FALSE,0,1,0,179,
Unit_465,1.688.900.359,hydro,0,1.688.900.359,FALSE,0,1,0,179,
Unit_466,1.900.164.984,biomass,0,1.900.164.984,FALSE,0,1,0,194,
Unit_467,33.779.054,hydro,0,33.779.054,FALSE,0,1,0,194,
Unit_468,5.860.159.754,biomass,0,5.860.159.754,FALSE,0,1,0,29,
Unit_469,5.267.179.242,biomass,0,5.267.179.242,FALSE,0,1,0,157,
Unit_470,128.126.648,hydro,0,128.126.648,FALSE,0,1,0,157,
Unit_471,5.036.951.574,biomass,0,5.036.951.574,FALSE,0,1,0,174,
Unit_472,1.503.284.981,hydro,0,1.503.284.981,FALSE,0,1,0,174,
Unit_473,3.144.985.566,biomass,0,3.144.985.566,FALSE,0,1,0,49,
Unit_474,4.550.528.466,biomass,0,4.550.528.466,FALSE,0,1,0,186,
Unit_475,2.735.802.675,hydro,0,2.735.802.675,FALSE,0,1,0,186,
Unit_476,1.289.633.119,biomass,0,1.289.633.119,FALSE,0,1,0,68,
Unit_477,4.159.527.555,hydro,0,4.159.527.555,FALSE,0,1,0,68,
Unit_478,3.944.447.492,biomass,0,3.944.447.492,FALSE,0,1,0,191,
Unit_479,2.389.306.523,hydro,0,2.389.306.523,FALSE,0,1,0,191,
Unit_480,1.410.457.873,biomass,0,1.410.457.873,FALSE,0,1,0,88,
Unit_481,2.070.358.972,hydro,0,2.070.358.972,FALSE,0,1,0,88,
Unit_482,4.361.789.535,biomass,0,4.361.789.535,FALSE,0,1,0,49,
Unit_483,1.484.852.863,hydro,0,1.484.852.863,FALSE,0,1,0,49,
Unit_484,129.181.812,biomass,0,129.181.812,FALSE,0,1,0,195,
Unit_485,2.516.052.677,hydro,0,2.516.052.677,FALSE,0,1,0,195,
Unit_486,4.806.027.452,biomass,0,4.806.027.452,FALSE,0,1,0,93,
Unit_487,248.554.348,biomass,0,248.554.348,FALSE,0,1,0,135,
Unit_488,4.926.661.178,biomass,0,4.926.661.178,FALSE,0,1,0,159,
Unit_489,2.928.487.983,biomass,0,2.928.487.983,FALSE,0,1,0,98,
Unit_490,1.713.872.868,biomass,0,1.713.872.868,FALSE,0,1,0,49,
Unit_491,2.030.657.024,hydro,0,2.030.657.024,FALSE,0,1,0,49,
Unit_492,6.524.775.495,biomass,0,6.524.775.495,FALSE,0,1,0,158,
Unit_493,1.507.372.329,hydro,0,1.507.372.329,FALSE,0,1,0,158,
Unit_494,109.305.411,biomass,0,109.305.411,FALSE,0,1,0,135,
Unit_495,3.958.599.929,biomass,0,3.958.599.929,FALSE,0,1,0,158,
Unit_496,1.944.001.043,biomass,0,1.944.001.043,FALSE,0,1,0,82,
Unit_497,1.965.758.254,biomass,0,1.965.758.254,FALSE,0,1,0,93,
Unit_498,5.432.185.024,biomass,0,5.432.185.024,FALSE,0,1,0,136,
Unit_499,2.483.078.592,biomass,0,2.483.078.592,FALSE,0,1,0,180,
Unit_500,1.186.901.142,biomass,0,1.186.901.142,FALSE,0,1,0,171,
Unit_501,5.113.660.965,biomass,0,5.113.660.965,FALSE,0,1,0,75,
Unit_502,6.647.407.835,hydro,0,6.647.407.835,FALSE,0,1,0,75,
Unit_503,5.732.808.234,biomass,0,5.732.808.234,FALSE,0,1,0,29,
Unit_504,2.047.839.506,hydro,0,2.047.839.506,FALSE,0,1,0,29,
Unit_505,9.294.671.039,biomass,0,9.294.671.039,FALSE,0,1,0,29,
Unit_506,1.503.467.219,hydro,0,1.503.467.219,FALSE,0,1,0,29,
Unit_507,2.352.308.133,biomass,0,2.352.308.133,FALSE,0,1,0,127,
Unit_508,7.932.606.743,biomass,0,7.932.606.743,FALSE,0,1,0,52,
Unit_509,2.843.440.514,hydro,0,2.843.440.514,FALSE,0,1,0,52,
Unit_510,3.920.972.682,biomass,0,3.920.972.682,FALSE,0,1,0,13,
Unit_511,7.290.876.471,biomass,0,7.290.876.471,FALSE,0,1,0,190,
Unit_512,449.227.673,biomass,0,449.227.673,FALSE,0,1,0,89,
Unit_513,903.526.317,hydro,0,903.526.317,FALSE,0,1,0,89,
Unit_514,2.063.183.175,biomass,0,2.063.183.175,FALSE,0,1,0,67,
Unit_515,8.204.188.671,hydro,0,8.204.188.671,FALSE,0,1,0,67,
Unit_516,1.762.375.888,biomass,0,1.762.375.888,FALSE,0,1,0,77,
Unit_517,9.308.003.151,biomass,0,9.308.003.151,FALSE,0,1,0,156,
Unit_518,1.554.365.402,biomass,0,1.554.365.402,FALSE,0,1,0,91,
Unit_519,9.089.714.688,biomass,0,9.089.714.688,FALSE,0,1,0,140,
Unit_520,3.025.288.454,hydro,0,3.025.288.454,FALSE,0,1,0,140,
Unit_521,1.925.097.302,biomass,0,1.925.097.302,FALSE,0,1,0,157,
Unit_522,6.375.742.373,hydro,0,6.375.742.373,FALSE,0,1,0,157,
Unit_523,3.690.855.964,biomass,0,3.690.855.964,FALSE,0,1,0,199,
Unit_524,46.080.294,hydro,0,46.080.294,FALSE,0,1,0,199,
Unit_525,388.049.147,biomass,0,388.049.147,FALSE,0,1,0,35,
Unit_526,1.816.419.162,biomass,0,1.816.419.162,FALSE,0,1,0,122,
Unit_527,1.373.330.525,hydro,0,1.373.330.525,FALSE,0,1,0,122,
Unit_528,3.384.566.259,biomass,0,3.384.566.259,FALSE,0,1,0,150,
Unit_529,3.031.177.116,biomass,0,3.031.177.116,FALSE,0,1,0,17,
Unit_530,1.720.635.946,hydro,0,1.720.635.946,FALSE,0,1,0,17,
Unit_531,5.794.962.177,biomass,0,5.794.962.177,FALSE,0,1,0,132,
Unit_532,5.602.372.421,biomass,0,5.602.372.421,FALSE,0,1,0,1,
Unit_533,6.830.994.632,biomass,0,6.830.994.632,FALSE,0,1,0,43,
Unit_534,4.064.062.801,biomass,0,4.064.062.801,FALSE,0,1,0,187,
Unit_535,530.376.185,biomass,0,530.376.185,FALSE,0,1,0,38,
Unit_536,2.313.043.006,biomass,0,2.313.043.006,FALSE,0,1,0,148,
Unit_537,5.592.136.422,biomass,0,5.592.136.422,FALSE,0,1,0,70,
Unit_538,1.174.124.885,hydro,0,1.174.124.885,FALSE,0,1,0,70,
Unit_539,5.919.352.236,biomass,0,5.919.352.236,FALSE,0,1,0,38,
Unit_540,1.268.199.239,hydro,0,1.268.199.239,FALSE,0,1,0,38,
Unit_541,5.735.964.776,biomass,0,5.735.964.776,FALSE,0,1,0,38,
Unit_542,513.510.763,hydro,0,513.510.763,FALSE,0,1,0,38,
Unit_543,2.273.495.724,biomass,0,2.273.495.724,FALSE,0,1,0,177,
Unit_544,4.869.607.433,hydro,0,4.869.607.433,FALSE,0,1,0,177,
Unit_545,1.719.274.717,biomass,0,1.719.274.717,FALSE,0,1,0,56,
Unit_546,5.105.133.403,hydro,0,5.105.133.403,FALSE,0,1,0,56,
Unit_547,2.288.161.518,biomass,0,2.288.161.518,FALSE,0,1,0,90,
Unit_548,2.505.425.085,hydro,0,2.505.425.085,FALSE,0,1,0,90,
Unit_549,1.813.825.316,biomass,0,1.813.825.316,FALSE,0,1,0,114,
Unit_550,9.048.039.933,hydro,0,9.048.039.933,FALSE,0,1,0,114,
Unit_551,3.174.658.885,biomass,0,3.174.658.885,FALSE,0,1,0,54,
Unit_552,9.116.053.464,biomass,0,9.116.053.464,FALSE,0,1,0,143,
Unit_553,1.838.057.391,hydro,0,1.838.057.391,FALSE,0,1,0,143,
Unit_554,2.140.483.448,biomass,0,2.140.483.448,FALSE,0,1,0,0,
Unit_555,762.419.085,hydro,0,762.419.085,FALSE,0,1,0,0,
Unit_556,1.048.151.889,biomass,0,1.048.151.889,FALSE,0,1,0,109,
Unit_557,6.969.337.164,hydro,0,6.969.337.164,FALSE,0,1,0,109,
Unit_558,1.294.539.743,biomass,0,1.294.539.743,FALSE,0,1,0,73,
Unit_559,2.097.129.906,hydro,0,2.097.129.906,FALSE,0,1,0,73,
Unit_560,2.826.268.887,biomass,0,2.826.268.887,FALSE,0,1,0,79,
Unit_561,1.278.426.494,hydro,0,1.278.426.494,FALSE,0,1,0,79,
Unit_562,1.702.374.875,biomass,0,1.702.374.875,FALSE,0,1,0,150,
Unit_563,6.461.639.812,biomass,0,6.461.639.812,FALSE,0,1,0,160,
Unit_564,9.283.969.517,hydro,0,9.283.969.517,FALSE,0,1,0,160,
Unit_565,2.020.944.263,biomass,0,2.020.944.263,FALSE,0,1,0,160,
Unit_566,6.610.872.684,hydro,0,6.610.872.684,FALSE,0,1,0,160,
Unit_567,2.960.872.093,biomass,0,2.960.872.093,FALSE,0,1,0,193,
Unit_568,7.445.242.111,hydro,0,7.445.242.111,FALSE,0,1,0,193,
Unit_569,1.215.209.323,biomass,0,1.215.209.323,FALSE,0,1,0,36,
Unit_570,4.812.158.692,biomass,0,4.812.158.692,FALSE,0,1,0,99,
Unit_571,3.403.891.354,hydro,0,3.403.891.354,FALSE,0,1,0,99,
Unit_572,2.899.061.174,biomass,0,2.899.061.174,FALSE,0,1,0,57,
Unit_573,5.642.033.771,biomass,0,5.642.033.771,FALSE,0,1,0,130,
Unit_574,4.007.400.448,hydro,0,4.007.400.448,FALSE,0,1,0,130,
Unit_575,7.423.994.325,biomass,0,7.423.994.325,FALSE,0,1,0,163,
Unit_576,1.288.007.849,biomass,0,1.288.007.849,FALSE,0,1,0,195,
Unit_577,1.948.682.798,hydro,0,1.948.682.798,FALSE,0,1,0,195,
Unit_578,1.496.892.376,biomass,0,1.496.892.376,FALSE,0,1,0,24,
Unit_579,2.034.354.392,hydro,0,2.034.354.392,FALSE,0,1,0,24,
Unit_580,4.210.653.626,biomass,0,4.210.653.626,FALSE,0,1,0,27,
Unit_581,580.045.032,biomass,0,580.045.032,FALSE,0,1,0,134,
Unit_582,172.170.993,biomass,0,172.170.993,FALSE,0,1,0,55,
Unit_583,2.883.836.607,hydro,0,2.883.836.607,FALSE,0,1,0,55,
Unit_584,3.132.251.601,biomass,0,3.132.251.601,FALSE,0,1,0,34,
Unit_585,411.663.224,hydro,0,411.663.224,FALSE,0,1,0,34,
Unit_586,3.212.259.032,biomass,0,3.212.259.032,FALSE,0,1,0,40,
Unit_587,6.615.366.737,hydro,0,6.615.366.737,FALSE,0,1,0,40,
Unit_588,2.057.923.767,biomass,0,2.057.923.767,FALSE,0,1,0,40,
Unit_589,1.823.190.652,hydro,0,1.823.190.652,FALSE,0,1,0,40,
Unit_590,1.237.359.634,biomass,0,1.237.359.634,FALSE,0,1,0,118,
Unit_591,2.053.859.601,biomass,0,2.053.859.601,FALSE,0,1,0,30,
Unit_592,343.499.688,hydro,0,343.499.688,FALSE,0,1,0,30,
Unit_593,1.868.309.803,biomass,0,1.868.309.803,FALSE,0,1,0,7,
Unit_594,8.851.429.231,hydro,0,8.851.429.231,FALSE,0,1,0,7,
Unit_595,6.573.710.316,biomass,0,6.573.710.316,FALSE,0,1,0,59,
Unit_596,1.842.726.479,biomass,0,1.842.726.479,FALSE,0,1,0,169,
Unit_597,248.315.836,hydro,0,248.315.836,FALSE,0,1,0,169,
Unit_598,2.905.007.936,biomass,0,2.905.007.936,FALSE,0,1,0,175,
Unit_599,8.168.488.546,hydro,0,8.168.488.546,FALSE,0,1,0,175,
Unit_600,8.811.004.519,biomass,0,8.811.004.519,FALSE,0,1,0,45,
Unit_601,8.955.448.813,hydro,0,8.955.448.813,FALSE,0,1,0,45,
Unit_602,9.481.636.266,biomass,0,9.481.636.266,FALSE,0,1,0,121,
Unit_603,5.640.090.818,biomass,0,5.640.090.818,FALSE,0,1,0,8,
Unit_604,6.412.025.798,biomass,0,6.412.025.798,FALSE,0,1,0,25,
Unit_605,1.895.574.328,hydro,0,1.895.574.328,FALSE,0,1,0,25,
Unit_606,7.039.323.783,biomass,0,7.039.323.783,FALSE,0,1,0,146,
Unit_607,1.523.754.585,biomass,0,1.523.754.585,FALSE,0,1,0,182,
Unit_608,2.003.730.815,biomass,0,2.003.730.815,FALSE,0,1,0,146,
Unit_609,4.843.411.722,biomass,0,4.843.411.722,FALSE,0,1,0,30,
Unit_610,1.288.962.125,hydro,0,1.288.962.125,FALSE,0,1,0,30,
Unit_611,1.899.605.741,biomass,0,1.899.605.741,FALSE,0,1,0,26,
Unit_612,356.619.666,hydro,0,356.619.666,FALSE,0,1,0,26,
Unit_613,2.581.042.453,biomass,0,2.581.042.453,FALSE,0,1,0,51,
Unit_614,2.811.389.159,hydro,0,2.811.389.159,FALSE,0,1,0,51,
Unit_615,176.210.398,biomass,0,176.210.398,FALSE,0,1,0,161,
Unit_616,2.024.764.356,hydro,0,2.024.764.356,FALSE,0,1,0,161,
Unit_617,9.030.147.986,biomass,0,9.030.147.986,FALSE,0,1,0,151,
Unit_618,8.717.866.232,hydro,0,8.717.866.232,FALSE,0,1,0,151,
Unit_619,3.298.814.657,biomass,0,3.298.814.657,FALSE,0,1,0,97,
Unit_620,4.476.509.308,biomass,0,4.476.509.308,FALSE,0,1,0,149,
Unit_621,1.371.607.802,hydro,0,1.371.607.802,FALSE,0,1,0,149,
Unit_622,5.208.154.102,biomass,0,5.208.154.102,FALSE,0,1,0,85,
Unit_623,4.363.796.528,hydro,0,4.363.796.528,FALSE,0,1,0,85,
Unit_624,101.083.442,biomass,0,101.083.442,FALSE,0,1,0,85,
Unit_625,577.710.336,hydro,0,577.710.336,FALSE,0,1,0,85,
Unit_626,3.812.196.656,biomass,0,3.812.196.656,FALSE,0,1,0,166,
Unit_627,1.680.621.458,hydro,0,1.680.621.458,FALSE,0,1,0,166,
Unit_628,1.498.998.115,biomass,0,1.498.998.115,FALSE,0,1,0,69,
Unit_629,4.685.360.621,hydro,0,4.685.360.621,FALSE,0,1,0,69,
Unit_630,3.404.331.766,biomass,0,3.404.331.766,FALSE,0,1,0,142,
Unit_631,8.548.913.203,hydro,0,8.548.913.203,FALSE,0,1,0,142,
Unit_632,4.502.885.935,biomass,0,4.502.885.935,FALSE,0,1,0,76,
Unit_633,5.787.181.154,hydro,0,5.787.181.154,FALSE,0,1,0,76,
Unit_634,297.303.905,biomass,0,297.303.905,FALSE,0,1,0,22,
Unit_635,1.247.661.803,hydro,0,1.247.661.803,FALSE,0,1,0,22,
Unit_636,6.151.034.461,biomass,0,6.151.034.461,FALSE,0,1,0,20,
Unit_637,247.987.729,hydro,0,247.987.729,FALSE,0,1,0,20,
Unit_638,460.923.902,biomass,0,460.923.902,FALSE,0,1,0,113,
Unit_639,8.413.206.322,hydro,0,8.413.206.322,FALSE,0,1,0,113,
Unit_640,119.355.973,biomass,0,119.355.973,FALSE,0,1,0,196,
Unit_641,4.882.142.971,hydro,0,4.882.142.971,FALSE,0,1,0,196,
Unit_642,1.457.307.874,biomass,0,1.457.307.874,FALSE,0,1,0,95,
Unit_643,5.985.157.698,hydro,0,5.985.157.698,FALSE,0,1,0,95,
Unit_644,1.210.596.421,biomass,0,1.210.596.421,FALSE,0,1,0,107,
Unit_645,2.929.434.643,biomass,0,2.929.434.643,FALSE,0,1,0,62,
Unit_646,8.605.043.433,hydro,0,8.605.043.433,FALSE,0,1,0,62,
Unit_647,4.678.245.153,biomass,0,4.678.245.153,FALSE,0,1,0,145,
Unit_648,340.517.407,hydro,0,340.517.407,FALSE,0,1,0,145,
Unit_649,7.237.653.551,biomass,0,7.237.653.551,FALSE,0,1,0,124,
Unit_650,152.835.265,hydro,0,152.835.265,FALSE,0,1,0,124,
Unit_651,6.062.450.695,biomass,0,6.062.450.695,FALSE,0,1,0,113,
Unit_652,9.858.009.111,hydro,0,9.858.009.111,FALSE,0,1,0,113,
Unit_653,6.040.407.131,biomass,0,6.040.407.131,FALSE,0,1,0,12,
Unit_654,144.146.452,hydro,0,144.146.452,FALSE,0,1,0,12,
Unit_655,3.775.308.443,biomass,0,3.775.308.443,FALSE,0,1,0,168,
Unit_656,8.048.499.964,biomass,0,8.048.499.964,FALSE,0,1,0,34,
Unit_657,3.114.219.812,biomass,0,3.114.219.812,FALSE,0,1,0,66,
Unit_658,142.024.198,biomass,0,142.024.198,FALSE,0,1,0,121,
Unit_659,1.425.905.461,hydro,0,1.425.905.461,FALSE,0,1,0,121,
Unit_660,5.319.062.808,biomass,0,5.319.062.808,FALSE,0,1,0,101,
Unit_661,7.563.864.305,hydro,0,7.563.864.305,FALSE,0,1,0,101,
Unit_662,1.427.131.587,biomass,0,1.427.131.587,FALSE,0,1,0,188,
Unit_663,2.679.250.534,hydro,0,2.679.250.534,FALSE,0,1,0,188,
Unit_664,4.131.325.805,biomass,0,4.131.325.805,FALSE,0,1,0,58,
Unit_665,2.648.507.102,biomass,0,2.648.507.102,FALSE,0,1,0,87,
Unit_666,1.543.806.566,hydro,0,1.543.806.566,FALSE,0,1,0,87,
Unit_667,5.365.265.686,biomass,0,5.365.265.686,FALSE,0,1,0,37,
Unit_668,3.316.022.425,hydro,0,3.316.022.425,FALSE,0,1,0,37,
Unit_669,5.809.521.799,biomass,0,5.809.521.799,FALSE,0,1,0,87,
Unit_670,1.522.595.423,hydro,0,1.522.595.423,FALSE,0,1,0,87,
Unit_671,4.531.665.384,biomass,0,4.531.665.384,FALSE,0,1,0,46,
Unit_672,1.010.394.118,hydro,0,1.010.394.118,FALSE,0,1,0,46,
Unit_673,2.002.709.355,biomass,0,2.002.709.355,FALSE,0,1,0,28,
Unit_674,5.062.043.792,hydro,0,5.062.043.792,FALSE,0,1,0,28,
Unit_675,5.212.955.353,biomass,0,5.212.955.353,FALSE,0,1,0,11,
Unit_676,348.856.463,hydro,0,348.856.463,FALSE,0,1,0,11,
Unit_677,7.736.160.273,biomass,0,7.736.160.273,FALSE,0,1,0,170,
Unit_678,1.775.425.812,hydro,0,1.775.425.812,FALSE,0,1,0,170,
Unit_679,5.510.930.013,biomass,0,5.510.930.013,FALSE,0,1,0,154,
Unit_680,4.236.136.466,biomass,0,4.236.136.466,FALSE,0,1,0,16,
Unit_681,123.464.978,hydro,0,123.464.978,FALSE,0,1,0,16,
Unit_682,3.115.562.086,biomass,0,3.115.562.086,FALSE,0,1,0,16,
Unit_683,2.661.104.796,hydro,0,2.661.104.796,FALSE,0,1,0,16,
Unit_684,7.061.575.824,biomass,0,7.061.575.824,FALSE,0,1,0,189,
Unit_685,2.035.493.997,hydro,0,2.035.493.997,FALSE,0,1,0,189,
Unit_686,9.204.430.548,biomass,0,9.204.430.548,FALSE,0,1,0,116,
Unit_687,1.568.385.916,hydro,0,1.568.385.916,FALSE,0,1,0,21,
Unit_688,1.496.065.968,biomass,0,1.496.065.968,FALSE,0,1,0,199,
Unit_689,1.383.765.222,biomass,0,1.383.765.222,FALSE,0,1,0,131,
Unit_690,4.575.184.951,hydro,0,4.575.184.951,FALSE,0,1,0,131,
Unit_691,1.670.382.057,biomass,0,1.670.382.057,FALSE,0,1,0,166,
Unit_692,1.258.443.062,hydro,0,1.258.443.062,FALSE,0,1,0,166,
Unit_693,1.322.963.679,biomass,0,1.322.963.679,FALSE,0,1,0,78,
Unit_694,1.269.655.554,hydro,0,1.269.655.554,FALSE,0,1,0,78,
Unit_695,2.825.466.046,biomass,0,2.825.466.046,FALSE,0,1,0,80,
Unit_696,7.749.623.956,hydro,0,7.749.623.956,FALSE,0,1,0,80,
Unit_697,3.069.232.496,hydro,0,3.069.232.496,FALSE,0,1,0,51,
Unit_698,1.630.183.885,biomass,0,1.630.183.885,FALSE,0,1,0,51,
Unit_699,5.996.508.644,hydro,0,5.996.508.644,FALSE,0,1,0,51,
Unit_700,2.579.070.929,biomass,0,2.579.070.929,FALSE,0,1,0,84,
Unit_701,8.148.933.934,hydro,0,8.148.933.934,FALSE,0,1,0,84,
Unit_702,1.250.278.377,biomass,0,1.250.278.377,FALSE,0,1,0,0,
Unit_703,3.209.708.104,hydro,0,3.209.708.104,FALSE,0,1,0,0,
Unit_704,5.998.853.518,biomass,0,5.998.853.518,FALSE,0,1,0,1,
Unit_705,445.301.955,biomass,0,445.301.955,FALSE,0,1,0,178,
Unit_706,49.087.377,hydro,0,49.087.377,FALSE,0,1,0,178,
Unit_707,4.238.732.241,biomass,0,4.238.732.241,FALSE,0,1,0,84,
Unit_708,1.706.357.012,hydro,0,1.706.357.012,FALSE,0,1,0,84,
Unit_709,3.433.478.085,biomass,0,3.433.478.085,FALSE,0,1,0,97,
Unit_710,200.007.665,hydro,0,200.007.665,FALSE,0,1,0,97,
Unit_711,6.901.456.765,biomass,0,6.901.456.765,FALSE,0,1,0,36,
Unit_712,1.569.064.929,hydro,0,1.569.064.929,FALSE,0,1,0,36,
Unit_713,2.860.544.149,biomass,0,2.860.544.149,FALSE,0,1,0,9,
Unit_714,4.820.996.074,hydro,0,4.820.996.074,FALSE,0,1,0,9,
Unit_715,1.040.896.874,biomass,0,1.040.896.874,FALSE,0,1,0,100,
Unit_716,2.907.099.156,hydro,0,2.907.099.156,FALSE,0,1,0,100,
Unit_717,2.062.685.782,biomass,0,2.062.685.782,FALSE,0,1,0,71,
Unit_718,1.556.098.129,biomass,0,1.556.098.129,FALSE,0,1,0,33,
Unit_719,1.854.349.469,hydro,0,1.854.349.469,FALSE,0,1,0,33,
Unit_720,3.272.375.161,biomass,0,3.272.375.161,FALSE,0,1,0,18,
Unit_721,3.162.682.183,hydro,0,3.162.682.183,FALSE,0,1,0,18,
Unit_722,3.917.512.471,biomass,0,3.917.512.471,FALSE,0,1,0,17,
Unit_723,1.130.217.595,hydro,0,1.130.217.595,FALSE,0,1,0,17,
Unit_724,5.641.379,biomass,0,5.641.379,FALSE,0,1,0,9,
Unit_725,616.107.234,hydro,0,616.107.234,FALSE,0,1,0,9,
Unit_726,2.810.189.366,biomass,0,2.810.189.366,FALSE,0,1,0,152,
Unit_727,248.599.281,hydro,0,248.599.281,FALSE,0,1,0,152,
Unit_728,2.878.098.501,biomass,0,2.878.098.501,FALSE,0,1,0,106,
Unit_729,3.740.347.708,biomass,0,3.740.347.708,FALSE,0,1,0,176,
Unit_730,3.082.164.775,hydro,0,3.082.164.775,FALSE,0,1,0,176,
Unit_731,7.878.329.663,biomass,0,7.878.329.663,FALSE,0,1,0,65,
Unit_732,3.805.794.071,hydro,0,3.805.794.071,FALSE,0,1,0,65,
Unit_733,2.054.017.785,biomass,0,2.054.017.785,FALSE,0,1,0,120,
Unit_734,1.488.938.303,hydro,0,1.488.938.303,FALSE,0,1,0,120,
Unit_735,8.560.949.444,biomass,0,8.560.949.444,FALSE,0,1,0,8,
Unit_736,1.615.736.162,biomass,0,1.615.736.162,FALSE,0,1,0,8,
Unit_737,3.231.565.176,hydro,0,3.231.565.176,FALSE,0,1,0,8,
Unit_738,1.801.922.625,biomass,0,1.801.922.625,FALSE,0,1,0,61,
Unit_739,3.333.306.713,hydro,0,3.333.306.713,FALSE,0,1,0,61,
Unit_740,1.444.942.277,biomass,0,1.444.942.277,FALSE,0,1,0,88,
Unit_741,9.278.872.279,biomass,0,9.278.872.279,FALSE,0,1,0,4,
Unit_742,1.022.196.934,hydro,0,1.022.196.934,FALSE,0,1,0,4,
Unit_743,3.104.101.147,biomass,0,3.104.101.147,FALSE,0,1,0,89,
Unit_744,3.054.182.589,hydro,0,3.054.182.589,FALSE,0,1,0,89,
Unit_745,1.312.324.161,biomass,0,1.312.324.161,FALSE,0,1,0,147,
Unit_746,1.637.164.213,hydro,0,1.637.164.213,FALSE,0,1,0,147,
Unit_747,2.706.252.166,biomass,0,2.706.252.166,FALSE,0,1,0,14,
Unit_748,71.432.526,hydro,0,71.432.526,FALSE,0,1,0,14,
Unit_749,7.741.789.753,biomass,0,7.741.789.753,FALSE,0,1,0,14,
Unit_750,1.452.227.524,hydro,0,1.452.227.524,FALSE,0,1,0,14,
Unit_751,1.701.187.463,biomass,0,1.701.187.463,FALSE,0,1,0,102,
Unit_752,2.104.333.426,hydro,0,2.104.333.426,FALSE,0,1,0,102,
Unit_753,1.074.770.213,biomass,0,1.074.770.213,FALSE,0,1,0,139,
Unit_754,3.443.465.689,biomass,0,3.443.465.689,FALSE,0,1,0,75,
Unit_755,1.819.781.102,hydro,0,1.819.781.102,FALSE,0,1,0,75,
Unit_756,4.461.670.933,biomass,0,4.461.670.933,FALSE,0,1,0,48,
Unit_757,2.876.489.912,biomass,0,2.876.489.912,FALSE,0,1,0,155,
Unit_758,5.597.469.486,hydro,0,5.597.469.486,FALSE,0,1,0,155,
Unit_759,6.687.458.407,biomass,0,6.687.458.407,FALSE,0,1,0,35,
Unit_760,1.046.277.717,biomass,0,1.046.277.717,FALSE,0,1,0,8,
Unit_761,3.959.507.102,biomass,0,3.959.507.102,FALSE,0,1,0,47,
Unit_762,1.144.264.099,hydro,0,1.144.264.099,FALSE,0,1,0,47,
Unit_763,4.602.359.493,biomass,0,4.602.359.493,FALSE,0,1,0,197,
Unit_764,435.156.687,hydro,0,435.156.687,FALSE,0,1,0,197,
Unit_765,3.767.440.989,biomass,0,3.767.440.989,FALSE,0,1,0,183,
Unit_766,2.380.294.509,hydro,0,2.380.294.509,FALSE,0,1,0,183,
Unit_767,2.178.796.335,biomass,0,2.178.796.335,FALSE,0,1,0,100,
Unit_768,1.278.231.951,hydro,0,1.278.231.951,FALSE,0,1,0,100,
Unit_769,1.646.962.241,biomass,0,1.646.962.241,FALSE,0,1,0,107,
Unit_770,3.117.163.186,solar pv,0,1.355.965.986,TRUE,0,1,0,78,
Unit_771,3.015.630.459,wind_onshore,0,7.840.639.194,TRUE,0,1,0,78,
Unit_772,3.902.739.361,solar pv,0,1.697.691.622,TRUE,0,1,0,63,
Unit_773,3.318.488.367,wind_onshore,0,8.628.069.754,TRUE,0,1,0,63,
Unit_774,2.895.921.561,solar pv,0,1.259.725.879,TRUE,0,1,0,63,
Unit_775,2.925.877.507,wind_onshore,0,7.607.281.518,TRUE,0,1,0,63,
Unit_776,9.723.873.784,solar pv,0,4.229.885.096,TRUE,0,1,0,86,
Unit_777,8.991.843.504,wind_onshore,0,2.337.879.311,TRUE,0,1,0,86,
Unit_778,4.557.237.722,solar pv,0,1.982.398.409,TRUE,0,1,0,58,
Unit_779,3.495.028.503,wind_onshore,0,9.087.074.108,TRUE,0,1,0,58,
Unit_780,9.545.921.568,solar pv,0,4.152.475.882,TRUE,0,1,0,15,
Unit_781,7.966.458.042,wind_onshore,0,2.071.279.091,TRUE,0,1,0,15,
Unit_782,1.871.020.096,solar pv,0,8.138.937.418,TRUE,0,1,0,111,
Unit_783,1.270.783.432,wind_onshore,0,3.304.036.922,TRUE,0,1,0,111,
Unit_784,1.338.609.049,solar pv,0,5.822.949.362,TRUE,0,1,0,165,
Unit_785,4.543.398.786,solar pv,0,1.976.378.472,TRUE,0,1,0,74,
Unit_786,3.606.087.034,wind_onshore,0,9.375.826.288,TRUE,0,1,0,74,
Unit_787,7.172.595.885,solar pv,0,312.007.921,TRUE,0,1,0,104,
Unit_788,1.378.698.513,wind_onshore,0,3.584.616.135,TRUE,0,1,0,104,
Unit_789,3.048.186.453,solar pv,0,1.325.961.107,TRUE,0,1,0,111,
Unit_790,8.724.002.108,wind_onshore,0,2.268.240.548,TRUE,0,1,0,111,
Unit_791,367.917.297,solar pv,0,1.600.440.242,TRUE,0,1,0,23,
Unit_792,1.560.578.447,wind_onshore,0,4.057.503.963,TRUE,0,1,0,23,
Unit_793,3.553.196.041,solar pv,0,1.545.640.278,TRUE,0,1,0,71,
Unit_794,5.015.705.073,wind_onshore,0,1.304.083.319,TRUE,0,1,0,71,
Unit_795,4.472.538.106,solar pv,0,1.945.554.076,TRUE,0,1,0,23,
Unit_796,3.516.597.713,wind_onshore,0,9.143.154.054,TRUE,0,1,0,23,
Unit_797,6.066.291.818,solar pv,0,2.638.836.941,TRUE,0,1,0,96,
Unit_798,7.041.104.542,wind_onshore,0,1.830.687.181,TRUE,0,1,0,96,
Unit_799,2.600.764.405,solar pv,0,1.131.332.516,TRUE,0,1,0,23,
Unit_800,1.054.230.731,wind_onshore,0,2.740.999.901,TRUE,0,1,0,23,
Unit_801,2.866.305.828,solar pv,0,1.246.843.035,TRUE,0,1,0,63,
Unit_802,4.684.436.892,wind_onshore,0,1.217.953.592,TRUE,0,1,0,63,
Unit_803,4.051.678.432,solar pv,0,1.762.480.118,TRUE,0,1,0,39,
Unit_804,3.053.053.502,wind_onshore,0,7.937.939.106,TRUE,0,1,0,39,
Unit_805,1.620.829.373,solar pv,0,7.050.607.774,TRUE,0,1,0,164,
Unit_806,1.674.280.262,wind_onshore,0,4.353.128.681,TRUE,0,1,0,164,
Unit_807,3.754.207.172,solar pv,0,163.308.012,TRUE,0,1,0,128,
Unit_808,2.786.724.227,wind_onshore,0,7.245.482.989,TRUE,0,1,0,128,
Unit_809,1.174.755.855,solar pv,0,5.110.187.968,TRUE,0,1,0,108,
Unit_810,8.084.707.123,wind_onshore,0,2.102.023.852,TRUE,0,1,0,108,
Unit_811,4.361.362.317,solar pv,0,1.897.192.608,TRUE,0,1,0,53,
Unit_812,3.547.536.931,wind_onshore,0,9.223.596.021,TRUE,0,1,0,53,
Unit_813,1.015.628.383,solar pv,0,4.417.983.467,TRUE,0,1,0,27,
Unit_814,1.023.939.282,wind_onshore,0,2.662.242.133,TRUE,0,1,0,27,
Unit_815,9.600.095.503,solar pv,0,4.176.041.544,TRUE,0,1,0,133,
Unit_816,1.493.754.845,wind_onshore,0,3.883.762.598,TRUE,0,1,0,133,
Unit_817,1.017.065.764,solar pv,0,4.424.236.073,TRUE,0,1,0,184,
Unit_818,206.073.019,wind_onshore,0,5.357.898.493,TRUE,0,1,0,184,
Unit_819,4.531.879.655,solar pv,0,197.136.765,TRUE,0,1,0,137,
Unit_820,7.293.623.392,wind_onshore,0,1.896.342.082,TRUE,0,1,0,137,
Unit_821,7.217.359.315,solar pv,0,3.139.551.302,TRUE,0,1,0,5,
Unit_822,1.637.014.521,wind_onshore,0,4.256.237.754,TRUE,0,1,0,5,
Unit_823,6.881.611.423,solar pv,0,2.993.500.969,TRUE,0,1,0,115,
Unit_824,58.936.689,wind_onshore,0,1.532.353.914,TRUE,0,1,0,115,
Unit_825,5.136.813.421,solar pv,0,2.234.513.838,TRUE,0,1,0,58,
Unit_826,4.249.375.031,wind_onshore,0,1.104.837.508,TRUE,0,1,0,58,
Unit_827,2.909.418.784,solar pv,0,1.265.597.171,TRUE,0,1,0,153,
Unit_828,5.218.892.296,wind_onshore,0,1.356.911.997,TRUE,0,1,0,153,
Unit_829,7.050.607.998,solar pv,0,3.067.014.479,TRUE,0,1,0,153,
Unit_830,5.685.237.812,wind_onshore,0,1.478.161.831,TRUE,0,1,0,153,
Unit_831,6.272.318.621,solar pv,0,27.284.586,TRUE,0,1,0,138,
Unit_832,5.143.384.842,wind_onshore,0,1.337.280.059,TRUE,0,1,0,138,
Unit_833,2.859.293.018,solar pv,0,1.243.792.463,TRUE,0,1,0,69,
Unit_834,8.585.481.258,wind_onshore,0,2.232.225.127,TRUE,0,1,0,69,
Unit_835,1.867.069.501,solar pv,0,8.121.752.328,TRUE,0,1,0,170,
Unit_836,2.377.011.763,solar pv,0,1.034.000.117,TRUE,0,1,0,21,
Unit_837,2.371.244.617,wind_onshore,0,6.165.236.005,TRUE,0,1,0,21,
Unit_838,3.106.828.956,solar pv,0,1.351.470.596,TRUE,0,1,0,6,
Unit_839,3.703.149.231,wind_onshore,0,9.628.188,TRUE,0,1,0,6,
Unit_840,2.269.779.069,solar pv,0,987.353.895,TRUE,0,1,0,171,
Unit_841,1.661.153.598,wind_onshore,0,4.318.999.356,TRUE,0,1,0,171,
Unit_842,6.026.263.736,solar pv,0,2.621.424.725,TRUE,0,1,0,167,
Unit_843,1.218.613.197,wind_onshore,0,3.168.394.313,TRUE,0,1,0,167,
Unit_844,4.144.605.529,solar pv,0,1.802.903.405,TRUE,0,1,0,162,
Unit_845,5.783.563.819,wind_onshore,0,1.503.726.593,TRUE,0,1,0,162,
Unit_846,3.128.754.101,solar pv,0,1.361.008.034,TRUE,0,1,0,167,
Unit_847,1.538.586.195,solar pv,0,6.692.849.947,TRUE,0,1,0,192,
Unit_848,1.051.092.797,solar pv,0,4.572.253.666,TRUE,0,1,0,150,
Unit_849,415.254.429,solar pv,0,1.806.356.766,TRUE,0,1,0,54,
Unit_850,576.543.255,wind_onshore,0,1.499.012.463,TRUE,0,1,0,54,
Unit_851,8.842.492.761,solar pv,0,3.846.484.351,TRUE,0,1,0,117,
Unit_852,8.173.275.088,wind_onshore,0,2.125.051.523,TRUE,0,1,0,117,
Unit_853,1.037.428.362,solar pv,0,4.512.813.374,TRUE,0,1,0,119,
Unit_854,5.805.135.377,wind_onshore,0,1.509.335.198,TRUE,0,1,0,119,
Unit_855,8.129.782.756,solar pv,0,3.536.455.499,TRUE,0,1,0,83,
Unit_856,5.680.432.258,wind_onshore,0,1.476.912.387,TRUE,0,1,0,83,
Unit_857,3.841.367.448,solar pv,0,167.099.484,TRUE,0,1,0,126,
Unit_858,3.249.117.857,wind_onshore,0,8.447.706.428,TRUE,0,1,0,126,
Unit_859,3.538.583.057,solar pv,0,153.928.363,TRUE,0,1,0,181,
Unit_860,3.307.071.062,wind_onshore,0,8.598.384.761,TRUE,0,1,0,181,
Unit_861,2.300.699.805,solar pv,0,1.000.804.415,TRUE,0,1,0,45,
Unit_862,2.828.918.681,wind_onshore,0,735.518.857,TRUE,0,1,0,45,
Unit_863,7.390.456.214,solar pv,0,3.214.848.453,TRUE,0,1,0,61,
Unit_864,5.334.873.127,wind_onshore,0,1.387.067.013,TRUE,0,1,0,61,
Unit_865,7.540.348.276,solar pv,0,32.800.515,TRUE,0,1,0,10,
Unit_866,3.455.474.832,solar pv,0,1.503.131.552,TRUE,0,1,0,10,
Unit_867,4.458.679.969,wind_onshore,0,1.159.256.792,TRUE,0,1,0,10,
Unit_868,7.537.361.053,solar pv,0,3.278.752.058,TRUE,0,1,0,110,
Unit_869,7.979.515.473,wind_onshore,0,2.074.674.023,TRUE,0,1,0,110,
Unit_870,4.786.568.699,solar pv,0,2.082.157.384,TRUE,0,1,0,116,
Unit_871,4.711.972.327,wind_onshore,0,1.225.112.805,TRUE,0,1,0,116,
Unit_872,7.482.315.637,solar pv,0,3.254.807.302,TRUE,0,1,0,198,
Unit_873,101.135.295,wind_onshore,0,2.629.517.669,TRUE,0,1,0,198,
Unit_874,2.852.908.021,solar pv,0,1.241.014.989,TRUE,0,1,0,59,
Unit_875,2.511.138.222,wind_onshore,0,6.528.959.378,TRUE,0,1,0,59,
Unit_876,4.483.430.628,solar pv,0,1.950.292.323,TRUE,0,1,0,122,
Unit_877,3.209.020.344,wind_onshore,0,8.343.452.895,TRUE,0,1,0,122,
Unit_878,308.877.068,solar pv,0,1.343.615.246,TRUE,0,1,0,179,
Unit_879,3.526.427.133,wind_onshore,0,9.168.710.546,TRUE,0,1,0,179,
Unit_880,6.997.692.352,solar pv,0,3.043.996.173,TRUE,0,1,0,194,
Unit_881,140.518.457,wind_onshore,0,3.653.479.883,TRUE,0,1,0,194,
Unit_882,175.118.845,solar pv,0,7.617.669.756,TRUE,0,1,0,29,
Unit_883,1.506.902.075,solar pv,0,6.555.024.028,TRUE,0,1,0,157,
Unit_884,4.832.918.899,solar pv,0,2.102.319.721,TRUE,0,1,0,174,
Unit_885,287.147.215,wind_onshore,0,7.465.827.589,TRUE,0,1,0,174,
Unit_886,1.239.031.382,solar pv,0,538.978.651,TRUE,0,1,0,49,
Unit_887,4.498.342.048,solar pv,0,1.956.778.791,TRUE,0,1,0,186,
Unit_888,2.557.463.814,wind_onshore,0,6.649.405.916,TRUE,0,1,0,186,
Unit_889,1.073.678.333,solar pv,0,4.670.500.748,TRUE,0,1,0,158,
Unit_890,1.891.750.774,solar pv,0,8.229.115.867,TRUE,0,1,0,68,
Unit_891,6.657.893.542,wind_onshore,0,1.731.052.321,TRUE,0,1,0,68,
Unit_892,5.084.555.097,solar pv,0,2.211.781.467,TRUE,0,1,0,191,
Unit_893,1.016.570.098,wind_onshore,0,2.643.082.256,TRUE,0,1,0,191,
Unit_894,3.358.072.793,solar pv,0,1.460.761.665,TRUE,0,1,0,88,
Unit_895,2.942.526.703,wind_onshore,0,7.650.569.427,TRUE,0,1,0,88,
Unit_896,2.656.106.639,solar pv,0,1.155.406.388,TRUE,0,1,0,49,
Unit_897,1.461.460.742,solar pv,0,6.357.354.226,TRUE,0,1,0,195,
Unit_898,1.223.047.696,wind_onshore,0,3.179.924.009,TRUE,0,1,0,195,
Unit_899,2.973.690.023,solar pv,0,129.355.516,TRUE,0,1,0,93,
Unit_900,2.184.738.627,wind_onshore,0,568.032.043,TRUE,0,1,0,93,
Unit_901,2.513.052.577,solar pv,0,1.093.177.871,TRUE,0,1,0,93,
Unit_902,5.400.092.057,solar pv,0,2.349.040.045,TRUE,0,1,0,135,
Unit_903,5.434.725.227,wind_onshore,0,1.413.028.559,TRUE,0,1,0,135,
Unit_904,4.197.416.159,solar pv,0,1.825.876.029,TRUE,0,1,0,159,
Unit_905,2.874.340.123,wind_onshore,0,7.473.284.321,TRUE,0,1,0,159,
Unit_906,6.606.954.191,solar pv,0,2.874.025.073,TRUE,0,1,0,98,
Unit_907,2.444.945.766,solar pv,0,1.063.551.408,TRUE,0,1,0,49,
Unit_908,3.251.729.223,solar pv,0,1.414.502.212,TRUE,0,1,0,158,
Unit_909,4.703.262.605,solar pv,0,2.045.919.233,TRUE,0,1,0,135,
Unit_910,2.563.872.322,wind_onshore,0,6.666.068.038,TRUE,0,1,0,135,
Unit_911,2.671.903.195,solar pv,0,116.227.789,TRUE,0,1,0,158,
Unit_912,1.458.162.082,wind_onshore,0,3.791.221.412,TRUE,0,1,0,158,
Unit_913,4.272.802.306,solar pv,0,1.858.669.003,TRUE,0,1,0,82,
Unit_914,4.223.455.231,wind_onshore,0,109.809.836,TRUE,0,1,0,82,
Unit_915,4.187.617.074,solar pv,0,1.821.613.427,TRUE,0,1,0,93,
Unit_916,3.916.569.441,solar pv,0,1.703.707.707,TRUE,0,1,0,136,
Unit_917,2.353.192.683,wind_onshore,0,6.118.300.977,TRUE,0,1,0,136,
Unit_918,3.331.362.384,solar pv,0,1.449.142.637,TRUE,0,1,0,180,
Unit_919,1.840.749.293,wind_onshore,0,4.785.948.161,TRUE,0,1,0,180,
Unit_920,2.988.377.929,solar pv,0,1.299.944.399,TRUE,0,1,0,171,
Unit_921,2.992.116.072,wind_onshore,0,7.779.501.786,TRUE,0,1,0,171,
Unit_922,1.974.559.586,solar pv,0,8.589.334.199,TRUE,0,1,0,75,
Unit_923,3.591.362.072,wind_onshore,0,9.337.541.387,TRUE,0,1,0,75,
Unit_924,4.214.999.986,solar pv,0,1.833.524.994,TRUE,0,1,0,29,
Unit_925,6.458.995.018,solar pv,0,2.809.662.833,TRUE,0,1,0,29,
Unit_926,9.192.710.483,solar pv,0,399.882.906,TRUE,0,1,0,82,
Unit_927,5.992.411.069,solar pv,0,2.606.698.815,TRUE,0,1,0,127,
Unit_928,9.030.596.534,wind_offshore,0,4.244.380.371,TRUE,0,1,0,127,
Unit_929,1.328.369.398,wind_onshore,0,3.453.760.434,TRUE,0,1,0,127,
Unit_930,5.230.385.733,solar pv,0,2.275.217.794,TRUE,0,1,0,52,
Unit_931,1.619.526.887,wind_onshore,0,4.210.769.905,TRUE,0,1,0,52,
Unit_932,6.089.778.894,solar pv,0,2.649.053.819,TRUE,0,1,0,13,
Unit_933,8.946.889.077,wind_onshore,0,232.619.116,TRUE,0,1,0,13,
Unit_934,137.522.366,solar pv,0,5.982.222.923,TRUE,0,1,0,190,
Unit_935,1.637.491.096,wind_onshore,0,4.257.476.849,TRUE,0,1,0,190,
Unit_936,3.442.161.306,solar pv,0,1.497.340.168,TRUE,0,1,0,89,
Unit_937,1.230.478.926,wind_onshore,0,3.199.245.207,TRUE,0,1,0,89,
Unit_938,414.377.328,solar pv,0,1.802.541.377,TRUE,0,1,0,67,
Unit_939,1.196.876.471,wind_onshore,0,3.111.878.824,TRUE,0,1,0,67,
Unit_940,4.406.560.754,solar pv,0,1.916.853.928,TRUE,0,1,0,77,
Unit_941,1.540.882.269,wind_onshore,0,40.062.939,TRUE,0,1,0,77,
Unit_942,2.369.543.634,solar pv,0,1.030.751.481,TRUE,0,1,0,156,
Unit_943,2.505.125.331,solar pv,0,1.089.729.519,TRUE,0,1,0,91,
Unit_944,1.357.917.217,wind_onshore,0,3.530.584.765,TRUE,0,1,0,91,
Unit_945,6.286.616.053,solar pv,0,2.734.677.983,TRUE,0,1,0,140,
Unit_946,1.437.625.188,wind_onshore,0,373.782.549,TRUE,0,1,0,140,
Unit_947,5.965.525.494,solar pv,0,259.500.359,TRUE,0,1,0,157,
Unit_948,2.749.496.966,solar pv,0,119.603.118,TRUE,0,1,0,199,
Unit_949,126.563.582,wind_onshore,0,3.290.653.133,TRUE,0,1,0,199,
Unit_950,1.150.569.568,solar pv,0,500.497.762,TRUE,0,1,0,35,
Unit_951,9.727.974.938,wind_onshore,0,2.529.273.484,TRUE,0,1,0,35,
Unit_952,3.568.428.182,solar pv,0,1.552.266.259,TRUE,0,1,0,122,
Unit_953,1.091.270.872,wind_onshore,0,2.837.304.268,TRUE,0,1,0,122,
Unit_954,2.631.721.772,solar pv,0,1.144.798.971,TRUE,0,1,0,150,
Unit_955,8.421.943.786,solar pv,0,3.663.545.547,TRUE,0,1,0,38,
Unit_956,3.202.120.651,solar pv,0,1.392.922.483,TRUE,0,1,0,17,
Unit_957,2.878.543.406,wind_onshore,0,7.484.212.855,TRUE,0,1,0,17,
Unit_958,1.190.914.411,solar pv,0,5.180.477.686,TRUE,0,1,0,132,
Unit_959,3.407.064.455,solar pv,0,1.482.073.038,TRUE,0,1,0,1,
Unit_960,5.508.202.635,wind_onshore,0,1.432.132.685,TRUE,0,1,0,1,
Unit_961,3.915.072.591,solar pv,0,1.703.056.577,TRUE,0,1,0,43,
Unit_962,1.749.598.557,wind_onshore,0,4.548.956.248,TRUE,0,1,0,43,
Unit_963,3.707.414.453,wind_offshore,0,1.742.484.793,TRUE,0,1,0,129,
Unit_964,3.410.492.101,solar pv,0,1.483.564.064,TRUE,0,1,0,187,
Unit_965,1.461.514.657,wind_onshore,0,3.799.938.107,TRUE,0,1,0,187,
Unit_966,2.450.932,solar pv,0,106.615.542,TRUE,0,1,0,38,
Unit_967,7.636.989.562,wind_onshore,0,1.985.617.286,TRUE,0,1,0,38,
Unit_968,5.199.836.186,solar pv,0,2.261.928.741,TRUE,0,1,0,148,
Unit_969,2.750.563.372,wind_onshore,0,7.151.464.768,TRUE,0,1,0,148,
Unit_970,3.498.164.405,solar pv,0,1.521.701.516,TRUE,0,1,0,70,
Unit_971,1.705.841.573,wind_onshore,0,4.435.188.089,TRUE,0,1,0,70,
Unit_972,3.090.218.225,solar pv,0,1.344.244.928,TRUE,0,1,0,38,
Unit_973,5.999.160.719,wind_onshore,0,1.559.781.787,TRUE,0,1,0,38,
Unit_974,1.497.015.019,solar pv,0,6.512.015.333,TRUE,0,1,0,38,
Unit_975,147.842.193,solar pv,0,6.431.135.397,TRUE,0,1,0,177,
Unit_976,5.260.569.269,wind_onshore,0,136.774.801,TRUE,0,1,0,177,
Unit_977,7.009.414.772,solar pv,0,3.049.095.426,TRUE,0,1,0,56,
Unit_978,4.652.398.185,wind_onshore,0,1.209.623.528,TRUE,0,1,0,56,
Unit_979,1.950.476.961,solar pv,0,8.484.574.779,TRUE,0,1,0,90,
Unit_980,9.565.847.145,solar pv,0,4.161.143.508,TRUE,0,1,0,114,
Unit_981,2.624.150.717,solar pv,0,1.141.505.562,TRUE,0,1,0,54,
Unit_982,4.244.309.135,wind_onshore,0,1.103.520.375,TRUE,0,1,0,54,
Unit_983,4.926.800.228,solar pv,0,2.143.158.099,TRUE,0,1,0,143,
Unit_984,2.679.527.707,wind_onshore,0,6.966.772.037,TRUE,0,1,0,143,
Unit_985,143.059.162,solar pv,0,6.223.073.548,TRUE,0,1,0,0,
Unit_986,5.401.246.665,wind_onshore,0,1.404.324.133,TRUE,0,1,0,0,
Unit_987,4.403.681.453,solar pv,0,1.915.601.432,TRUE,0,1,0,109,
Unit_988,7.400.568.508,wind_onshore,0,1.924.147.812,TRUE,0,1,0,109,
Unit_989,5.489.151.368,solar pv,0,2.387.780.845,TRUE,0,1,0,73,
Unit_990,2.991.318.059,wind_onshore,0,7.777.426.954,TRUE,0,1,0,73,
Unit_991,2.009.695.029,solar pv,0,8.742.173.374,TRUE,0,1,0,79,
Unit_992,15.156.473,wind_onshore,0,3.940.682.979,TRUE,0,1,0,79,
Unit_993,3.600.395.039,solar pv,0,1.566.171.842,TRUE,0,1,0,150,
Unit_994,13.085.733,wind_onshore,0,340.229.058,TRUE,0,1,0,150,
Unit_995,4.297.020.076,solar pv,0,1.869.203.733,TRUE,0,1,0,160,
Unit_996,3.706.124.403,wind_onshore,0,9.635.923.448,TRUE,0,1,0,160,
Unit_997,2.572.083.455,solar pv,0,1.118.856.303,TRUE,0,1,0,160,
Unit_998,2.527.873.977,wind_onshore,0,6.572.472.339,TRUE,0,1,0,160,
Unit_999,4.920.181.209,solar pv,0,2.140.278.826,TRUE,0,1,0,193,
Unit_1000,202.123.761,wind_onshore,0,5.255.217.787,TRUE,0,1,0,193,
Unit_1001,1.039.882.139,solar pv,0,4.523.487.303,TRUE,0,1,0,36,
Unit_1002,2.311.864.354,solar pv,0,1.005.660.994,TRUE,0,1,0,99,
Unit_1003,2.135.557.186,wind_onshore,0,5.552.448.683,TRUE,0,1,0,99,
Unit_1004,4.756.201.821,solar pv,0,2.068.947.792,TRUE,0,1,0,57,
Unit_1005,5.147.081.103,solar pv,0,223.898.028,TRUE,0,1,0,130,
Unit_1006,4.936.209.115,solar pv,0,2.147.250.965,TRUE,0,1,0,163,
Unit_1007,3.427.818.839,wind_onshore,0,8.912.328.981,TRUE,0,1,0,163,
Unit_1008,3.190.532.593,solar pv,0,1.387.881.678,TRUE,0,1,0,195,
Unit_1009,3.735.150.156,wind_onshore,0,9.711.390.406,TRUE,0,1,0,195,
Unit_1010,8.371.580.331,solar pv,0,3.641.637.444,TRUE,0,1,0,24,
Unit_1011,1.465.429.738,solar pv,0,637.461.936,TRUE,0,1,0,27,
Unit_1012,4.601.637.775,solar pv,0,2.001.712.432,TRUE,0,1,0,134,
Unit_1013,3.314.823.889,wind_onshore,0,8.618.542.111,TRUE,0,1,0,134,
Unit_1014,3.152.777.448,solar pv,0,137.145.819,TRUE,0,1,0,55,
Unit_1015,175.033.345,wind_onshore,0,4.550.866.969,TRUE,0,1,0,55,
Unit_1016,6.418.906.708,solar pv,0,2.792.224.418,TRUE,0,1,0,34,
Unit_1017,2.552.622.358,wind_onshore,0,6.636.818.131,TRUE,0,1,0,34,
Unit_1018,2.514.314.897,solar pv,0,109.372.698,TRUE,0,1,0,40,
Unit_1019,5.885.349.596,wind_onshore,0,1.530.190.895,TRUE,0,1,0,40,
Unit_1020,5.467.637.064,solar pv,0,2.378.422.123,TRUE,0,1,0,40,
Unit_1021,2.829.110.995,wind_onshore,0,7.355.688.587,TRUE,0,1,0,40,
Unit_1022,4.427.117.844,solar pv,0,1.925.796.262,TRUE,0,1,0,118,
Unit_1023,6.290.553.062,wind_onshore,0,1.635.543.796,TRUE,0,1,0,118,
Unit_1024,2.250.533.404,solar pv,0,9.789.820.308,TRUE,0,1,0,30,
Unit_1025,1.652.278.361,wind_onshore,0,4.295.923.738,TRUE,0,1,0,30,
Unit_1026,4.061.147.549,solar pv,0,1.766.599.184,TRUE,0,1,0,7,
Unit_1027,7.575.347.085,wind_onshore,0,1.969.590.242,TRUE,0,1,0,7,
Unit_1028,3.228.803.115,solar pv,0,1.404.529.355,TRUE,0,1,0,59,
Unit_1029,3.127.156.372,wind_onshore,0,8.130.606.566,TRUE,0,1,0,59,
Unit_1030,6.362.195.738,solar pv,0,2.767.555.146,TRUE,0,1,0,169,
Unit_1031,3.357.474.352,wind_onshore,0,8.729.433.314,TRUE,0,1,0,169,
Unit_1032,483.686.837,solar pv,0,2.104.037.741,TRUE,0,1,0,175,
Unit_1033,3.459.023.198,wind_onshore,0,8.993.460.314,TRUE,0,1,0,175,
Unit_1034,198.486.724,solar pv,0,8.634.172.494,TRUE,0,1,0,45,
Unit_1035,1.396.877.788,wind_onshore,0,3.631.882.248,TRUE,0,1,0,45,
Unit_1036,1.541.457.251,solar pv,0,6.705.339.041,TRUE,0,1,0,121,
Unit_1037,1.187.771.821,wind_onshore,0,3.088.206.735,TRUE,0,1,0,121,
Unit_1038,2.124.676.937,solar pv,0,9.242.344.675,TRUE,0,1,0,8,
Unit_1039,2.278.762.678,solar pv,0,9.912.617.651,TRUE,0,1,0,25,
Unit_1040,3.364.942.305,wind_onshore,0,8.748.849.992,TRUE,0,1,0,25,
Unit_1041,1.106.451.048,solar pv,0,4.813.062.057,TRUE,0,1,0,146,
Unit_1042,3.079.855.747,wind_onshore,0,8.007.624.941,TRUE,0,1,0,146,
Unit_1043,8.055.890.354,solar pv,0,3.504.312.304,TRUE,0,1,0,182,
Unit_1044,1.157.354.607,wind_onshore,0,3.009.121.977,TRUE,0,1,0,182,
Unit_1045,802.237.217,solar pv,0,3.489.731.894,TRUE,0,1,0,146,
Unit_1046,4.626.223.662,wind_onshore,0,1.202.818.152,TRUE,0,1,0,146,
Unit_1047,178.773.419,solar pv,0,7.776.643.725,TRUE,0,1,0,30,
Unit_1048,3.187.628.816,solar pv,0,1.386.618.535,TRUE,0,1,0,26,
Unit_1049,1.977.141.562,wind_onshore,0,5.140.568.062,TRUE,0,1,0,26,
Unit_1050,3.662.826.867,solar pv,0,1.593.329.687,TRUE,0,1,0,51,
Unit_1051,3.403.442.069,wind_onshore,0,884.894.938,TRUE,0,1,0,51,
Unit_1052,4.099.592.407,solar pv,0,1.783.322.697,TRUE,0,1,0,161,
Unit_1053,5.118.823.398,solar pv,0,2.226.688.178,TRUE,0,1,0,151,
Unit_1054,528.875.735,wind_onshore,0,1.375.076.911,TRUE,0,1,0,151,
Unit_1055,3.638.537.428,solar pv,0,1.582.763.781,TRUE,0,1,0,97,
Unit_1056,2.288.600.971,wind_onshore,0,5.950.362.525,TRUE,0,1,0,97,
Unit_1057,4.239.442.694,solar pv,0,1.844.157.572,TRUE,0,1,0,149,
Unit_1058,2.156.150.187,wind_onshore,0,5.605.990.486,TRUE,0,1,0,149,
Unit_1059,39.202.904,solar pv,0,1.705.326.324,TRUE,0,1,0,85,
Unit_1060,1.658.842.342,wind_onshore,0,4.312.990.088,TRUE,0,1,0,85,
Unit_1061,3.947.957.434,solar pv,0,1.717.361.484,TRUE,0,1,0,85,
Unit_1062,311.301.493,wind_onshore,0,8.093.838.818,TRUE,0,1,0,85,
Unit_1063,5.863.626.271,solar pv,0,2.550.677.428,TRUE,0,1,0,166,
Unit_1064,1.684.878.357,wind_onshore,0,4.380.683.729,TRUE,0,1,0,166,
Unit_1065,2.352.199.044,solar pv,0,1.023.206.584,TRUE,0,1,0,69,
Unit_1066,4.929.836.735,wind_onshore,0,1.281.757.551,TRUE,0,1,0,69,
Unit_1067,5.565.264.101,solar pv,0,2.420.889.884,TRUE,0,1,0,142,
Unit_1068,151.017.064,wind_onshore,0,3.926.443.665,TRUE,0,1,0,142,
Unit_1069,7.138.322.205,solar pv,0,3.105.170.159,TRUE,0,1,0,76,
Unit_1070,2.736.831.344,wind_onshore,0,7.115.761.495,TRUE,0,1,0,76,
Unit_1071,6.500.603.549,solar pv,0,2.827.762.544,TRUE,0,1,0,22,
Unit_1072,1.569.390.174,wind_onshore,0,4.080.414.453,TRUE,0,1,0,22,
Unit_1073,2.585.698.391,solar pv,0,11.247.788,TRUE,0,1,0,20,
Unit_1074,1.449.750.457,solar pv,0,6.306.414.489,TRUE,0,1,0,113,
Unit_1075,2.380.166.642,wind_onshore,0,618.843.327,TRUE,0,1,0,113,
Unit_1076,9.009.814.697,solar pv,0,3.919.269.393,TRUE,0,1,0,196,
Unit_1077,5.797.055.504,wind_onshore,0,1.507.234.431,TRUE,0,1,0,196,
Unit_1078,6.483.046.821,solar pv,0,2.820.125.367,TRUE,0,1,0,95,
Unit_1079,3.656.911.213,wind_onshore,0,9.507.969.153,TRUE,0,1,0,95,
Unit_1080,744.083.212,solar pv,0,3.236.761.972,TRUE,0,1,0,107,
Unit_1081,3.911.861,wind_offshore,0,183.857.467,TRUE,0,1,0,107,
Unit_1082,1.411.474.438,wind_onshore,0,3.669.833.539,TRUE,0,1,0,107,
Unit_1083,3.668.088.811,solar pv,0,1.595.618.633,TRUE,0,1,0,62,
Unit_1084,3.393.227.108,wind_onshore,0,882.239.048,TRUE,0,1,0,62,
Unit_1085,4.147.452.524,solar pv,0,1.804.141.848,TRUE,0,1,0,145,
Unit_1086,4.736.426.385,wind_onshore,0,123.147.086,TRUE,0,1,0,145,
Unit_1087,6.581.273.851,solar pv,0,2.862.854.125,TRUE,0,1,0,124,
Unit_1088,5.839.982.619,wind_onshore,0,1.518.395.481,TRUE,0,1,0,124,
Unit_1089,7.230.870.457,solar pv,0,3.145.428.649,TRUE,0,1,0,113,
Unit_1090,6.394.450.685,wind_onshore,0,1.662.557.178,TRUE,0,1,0,113,
Unit_1091,5.363.390.499,solar pv,0,2.333.074.867,TRUE,0,1,0,12,
Unit_1092,6.316.843.077,wind_onshore,0,16.423.792,TRUE,0,1,0,12,
Unit_1093,1.043.029.931,solar pv,0,4.537.180.202,TRUE,0,1,0,168,
Unit_1094,696.163.015,wind_onshore,0,1.810.023.839,TRUE,0,1,0,168,
Unit_1095,8.128.065.074,solar pv,0,3.535.708.307,TRUE,0,1,0,34,
Unit_1096,3.931.582.469,wind_onshore,0,1.022.211.442,TRUE,0,1,0,34,
Unit_1097,4.101.054.014,solar pv,0,1.783.958.496,TRUE,0,1,0,66,
Unit_1098,3.922.655.115,wind_onshore,0,101.989.033,TRUE,0,1,0,66,
Unit_1099,4.007.251.285,solar pv,0,1.743.154.309,TRUE,0,1,0,121,
Unit_1100,3.731.746.484,wind_onshore,0,9.702.540.859,TRUE,0,1,0,121,
Unit_1101,1.341.705.345,solar pv,0,583.641.825,TRUE,0,1,0,101,
Unit_1102,5.132.361.815,wind_onshore,0,1.334.414.072,TRUE,0,1,0,101,
Unit_1103,3.806.529.375,solar pv,0,1.655.840.278,TRUE,0,1,0,188,
Unit_1104,2.062.389.328,wind_onshore,0,5.362.212.252,TRUE,0,1,0,188,
Unit_1105,1.199.630.586,solar pv,0,5.218.393.048,TRUE,0,1,0,58,
Unit_1106,2.398.716.894,solar pv,0,1.043.441.849,TRUE,0,1,0,87,
Unit_1107,2.157.157.219,wind_onshore,0,560.860.877,TRUE,0,1,0,87,
Unit_1108,6.323.648.809,solar pv,0,2.750.787.232,TRUE,0,1,0,37,
Unit_1109,6.280.589.585,wind_onshore,0,1.632.953.292,TRUE,0,1,0,37,
Unit_1110,5.376.592.189,solar pv,0,2.338.817.602,TRUE,0,1,0,87,
Unit_1111,4.233.966.396,wind_onshore,0,1.100.831.263,TRUE,0,1,0,87,
Unit_1112,2.258.060.762,solar pv,0,9.822.564.313,TRUE,0,1,0,46,
Unit_1113,2.052.526.019,wind_onshore,0,533.656.765,TRUE,0,1,0,46,
Unit_1114,2.621.882.917,solar pv,0,1.140.519.069,TRUE,0,1,0,28,
Unit_1115,6.896.080.415,wind_onshore,0,1.792.980.908,TRUE,0,1,0,28,
Unit_1116,3.599.194.131,solar pv,0,1.565.649.447,TRUE,0,1,0,11,
Unit_1117,3.298.662.818,solar pv,0,1.434.918.326,TRUE,0,1,0,170,
Unit_1118,9.864.538.619,wind_onshore,0,2.564.780.041,TRUE,0,1,0,170,
Unit_1119,8.299.487.982,solar pv,0,3.610.277.272,TRUE,0,1,0,154,
Unit_1120,9.420.787.704,wind_onshore,0,2.449.404.803,TRUE,0,1,0,154,
Unit_1121,240.512.383,solar pv,0,1.046.228.866,TRUE,0,1,0,16,
Unit_1122,4.368.019.765,wind_onshore,0,1.135.685.139,TRUE,0,1,0,16,
Unit_1123,1.195.617.446,solar pv,0,520.093.589,TRUE,0,1,0,16,
Unit_1124,6.279.975.731,solar pv,0,2.731.789.443,TRUE,0,1,0,189,
Unit_1125,5.026.256,wind_onshore,0,130.682.656,TRUE,0,1,0,189,
Unit_1126,429.516.889,solar pv,0,1.868.398.467,TRUE,0,1,0,116,
Unit_1127,1.226.332.137,solar pv,0,5.334.544.797,TRUE,0,1,0,21,
Unit_1128,3.391.444.225,solar pv,0,1.475.278.238,TRUE,0,1,0,199,
Unit_1129,1.796.449.492,wind_onshore,0,4.670.768.679,TRUE,0,1,0,199,
Unit_1130,1.977.221.582,solar pv,0,8.600.913.882,TRUE,0,1,0,131,
Unit_1131,2.922.051.595,wind_onshore,0,7.597.334.146,TRUE,0,1,0,131,
Unit_1132,2.559.390.841,solar pv,0,1.113.335.016,TRUE,0,1,0,166,
Unit_1133,4.977.594.265,wind_onshore,0,1.294.174.509,TRUE,0,1,0,166,
Unit_1134,1.400.933.511,solar pv,0,6.094.060.774,TRUE,0,1,0,78,
Unit_1135,7.394.355.296,wind_onshore,0,1.922.532.377,TRUE,0,1,0,78,
Unit_1136,2.185.869.099,solar pv,0,9.508.530.579,TRUE,0,1,0,80,
Unit_1137,2.063.989.395,wind_onshore,0,5.366.372.427,TRUE,0,1,0,80,
Unit_1138,9.739.472.202,solar pv,0,4.236.670.408,TRUE,0,1,0,51,
Unit_1139,350.003.829,solar pv,0,1.522.516.656,TRUE,0,1,0,51,
Unit_1140,3.557.223.237,wind_onshore,0,9.248.780.417,TRUE,0,1,0,51,
Unit_1141,1.038.684.014,solar pv,0,4.518.275.461,TRUE,0,1,0,84,
Unit_1142,1.126.499.802,wind_onshore,0,2.928.899.486,TRUE,0,1,0,84,
Unit_1143,2.270.001.966,solar pv,0,987.450.855,TRUE,0,1,0,0,
Unit_1144,9.453.198.785,wind_onshore,0,2.457.831.684,TRUE,0,1,0,0,
Unit_1145,4.295.185.225,solar pv,0,1.868.405.573,TRUE,0,1,0,1,
Unit_1146,1.425.846.841,wind_onshore,0,3.707.201.787,TRUE,0,1,0,1,
Unit_1147,6.248.281.609,solar pv,0,27.180.025,TRUE,0,1,0,178,
Unit_1148,7.555.106.738,wind_onshore,0,1.964.327.752,TRUE,0,1,0,178,
Unit_1149,4.898.110.736,solar pv,0,213.067.817,TRUE,0,1,0,84,
Unit_1150,1.820.236.929,wind_onshore,0,4.732.616.016,TRUE,0,1,0,84,
Unit_1151,1.229.769.906,solar pv,0,5.349.499.093,TRUE,0,1,0,97,
Unit_1152,6.838.292.746,wind_onshore,0,1.777.956.114,TRUE,0,1,0,97,
Unit_1153,552.187.726,solar pv,0,2.402.016.608,TRUE,0,1,0,36,
Unit_1154,241.681.633,wind_onshore,0,6.283.722.458,TRUE,0,1,0,36,
Unit_1155,1.045.721.636,solar pv,0,4.548.889.115,TRUE,0,1,0,9,
Unit_1156,2.425.566.172,wind_onshore,0,6.306.472.048,TRUE,0,1,0,9,
Unit_1157,3.175.847.729,solar pv,0,1.381.493.762,TRUE,0,1,0,100,
Unit_1158,1.180.190.418,wind_onshore,0,3.068.495.088,TRUE,0,1,0,100,
Unit_1159,3.006.558.607,solar pv,0,1.307.852.994,TRUE,0,1,0,71,
Unit_1160,2.365.617.822,wind_onshore,0,6.150.606.337,TRUE,0,1,0,71,
Unit_1161,1.985.973.149,solar pv,0,86.389.832,TRUE,0,1,0,33,
Unit_1162,2.145.020.474,solar pv,0,9.330.839.062,TRUE,0,1,0,18,
Unit_1163,2.118.512.335,solar pv,0,9.215.528.657,TRUE,0,1,0,17,
Unit_1164,1.040.209.102,solar pv,0,4.524.909.592,TRUE,0,1,0,9,
Unit_1165,8.339.955.792,wind_onshore,0,2.168.388.506,TRUE,0,1,0,9,
Unit_1166,3.846.236.947,solar pv,0,1.673.113.072,TRUE,0,1,0,152,
Unit_1167,2.877.052.019,wind_onshore,0,7.480.335.249,TRUE,0,1,0,152,
Unit_1168,5.531.128.566,solar pv,0,2.406.040.926,TRUE,0,1,0,106,
Unit_1169,6.123.211.669,wind_onshore,0,1.592.035.034,TRUE,0,1,0,106,
Unit_1170,2.873.459.214,solar pv,0,1.249.954.758,TRUE,0,1,0,176,
Unit_1171,2.391.896.855,solar pv,0,1.040.475.132,TRUE,0,1,0,65,
Unit_1172,3.091.624.968,wind_onshore,0,8.038.224.918,TRUE,0,1,0,65,
Unit_1173,4.488.905.699,solar pv,0,1.952.673.979,TRUE,0,1,0,120,
Unit_1174,1.921.098.509,solar pv,0,8.356.778.513,TRUE,0,1,0,8,
Unit_1175,1.634.940.048,wind_onshore,0,4.250.844.125,TRUE,0,1,0,8,
Unit_1176,2.228.918.216,solar pv,0,9.695.794.239,TRUE,0,1,0,8,
Unit_1177,137.796.578,wind_onshore,0,3.582.711.027,TRUE,0,1,0,8,
Unit_1178,5.150.986.701,solar pv,0,2.240.679.215,TRUE,0,1,0,61,
Unit_1179,1.039.074.533,wind_onshore,0,2.701.593.787,TRUE,0,1,0,61,
Unit_1180,5.170.182.616,solar pv,0,2.249.029.438,TRUE,0,1,0,88,
Unit_1181,6.703.009.223,wind_onshore,0,1.742.782.398,TRUE,0,1,0,88,
Unit_1182,4.040.385.262,solar pv,0,1.757.567.589,TRUE,0,1,0,4,
Unit_1183,177.909.252,solar pv,0,7.739.052.462,TRUE,0,1,0,4,
Unit_1184,2.687.194.054,wind_onshore,0,698.670.454,TRUE,0,1,0,4,
Unit_1185,2.639.650.103,solar pv,0,1.148.247.795,TRUE,0,1,0,89,
Unit_1186,9.772.366.854,wind_onshore,0,2.540.815.382,TRUE,0,1,0,89,
Unit_1187,2.332.886.423,solar pv,0,1.014.805.594,TRUE,0,1,0,147,
Unit_1188,3.730.106.356,solar pv,0,1.622.596.265,TRUE,0,1,0,14,
Unit_1189,3.709.446.147,wind_onshore,0,9.644.559.981,TRUE,0,1,0,14,
Unit_1190,1.568.579.206,solar pv,0,6.823.319.544,TRUE,0,1,0,14,
Unit_1191,9.157.712.731,wind_onshore,0,238.100.531,TRUE,0,1,0,14,
Unit_1192,1.618.827.338,solar pv,0,7.041.898.921,TRUE,0,1,0,102,
Unit_1193,1.370.458.337,wind_onshore,0,3.563.191.676,TRUE,0,1,0,102,
Unit_1194,3.206.842.407,solar pv,0,1.394.976.447,TRUE,0,1,0,102,
Unit_1195,1.279.668.071,wind_onshore,0,3.327.136.984,TRUE,0,1,0,102,
Unit_1196,1.811.558.707,solar pv,0,7.880.280.375,TRUE,0,1,0,139,
Unit_1197,4.566.717.418,solar pv,0,1.986.522.077,TRUE,0,1,0,42,
Unit_1198,7.132.837.972,solar pv,0,3.102.784.518,TRUE,0,1,0,75,
Unit_1199,5.543.009.296,wind_onshore,0,1.441.182.417,TRUE,0,1,0,75,
Unit_1200,3.274.478.285,solar pv,0,1.424.398.054,TRUE,0,1,0,48,
Unit_1201,40.980.496,wind_onshore,0,1.065.492.896,TRUE,0,1,0,48,
Unit_1202,364.688.446,solar pv,0,158.639.474,TRUE,0,1,0,155,
Unit_1203,4.150.069.827,wind_onshore,0,1.079.018.155,TRUE,0,1,0,155,
Unit_1204,7.390.658.526,solar pv,0,3.214.936.459,TRUE,0,1,0,35,
Unit_1205,2.825.877.893,wind_onshore,0,7.347.282.523,TRUE,0,1,0,35,
Unit_1206,1.299.390.476,solar pv,0,5.652.348.569,TRUE,0,1,0,8,
Unit_1207,3.273.484.697,solar pv,0,1.423.965.843,TRUE,0,1,0,47,
Unit_1208,1.351.355.072,wind_onshore,0,3.513.523.188,TRUE,0,1,0,47,
Unit_1209,1.846.560.183,solar pv,0,8.032.536.795,TRUE,0,1,0,47,
Unit_1210,3.706.739.309,wind_onshore,0,9.637.522.203,TRUE,0,1,0,47,
Unit_1211,3.869.994.372,solar pv,0,1.683.447.552,TRUE,0,1,0,197,
Unit_1212,2.973.532.152,solar pv,0,1.293.486.486,TRUE,0,1,0,183,
Unit_1213,2.621.671.983,wind_onshore,0,6.816.347.156,TRUE,0,1,0,183,
Unit_1214,1.113.320.422,solar pv,0,4.842.943.836,TRUE,0,1,0,100,
Unit_1215,1.009.662.474,solar pv,0,4.392.031.762,TRUE,0,1,0,100,
Unit_1216,3.392.433.303,solar pv,0,1.475.708.487,TRUE,0,1,0,107,
Unit_1217,2.330.402.711,wind_onshore,0,6.059.047.049,TRUE,0,1,0,107,
